{"count":13,"results":[{"id":287,"name":"Dir. IP v\u00edtima","description":"**Cal \u00e9 a direcci\u00f3n IP da m\u00e1quina v\u00edtima?** \r\n\r\nFormato: XX.X.X.X\r\n\r\n------\r\n\r\n\u00bfCu\u00e1l es la direcci\u00f3n IP de la m\u00e1quina v\u00edctima?\r\n\r\nFormato: XX.X.X.X","max_attempts":5,"value":10,"category":"Forense-01","type":"standard","state":"visible","requirements":null,"connection_info":null,"next_id":null},{"id":288,"name":"Dir. IP atacante","description":"**Cal \u00e9 a direcci\u00f3n IP da m\u00e1quina atacante?** \r\n\r\nFormato: XX.X.X.X\r\n\r\n------\r\n\r\n\u00bfCu\u00e1l es la direcci\u00f3n IP de la m\u00e1quina atacante?\r\n\r\nFormato: XX.X.X.X","max_attempts":5,"value":10,"category":"Forense-02","type":"standard","state":"visible","requirements":null,"connection_info":null,"next_id":null},{"id":289,"name":"Ataque forza bruta - Servizo","description":"**Sobre qu\u00e9 servizo/protocolo se realizou un ataque de forza bruta?** \r\n\r\nFormato: XXX\r\n\r\n------\r\n\r\n\u00bfSobre qu\u00e9 servicio/protocolo se realiz\u00f3 un ataque de fuerza bruta??\r\n\r\nFormato: XXX","max_attempts":5,"value":20,"category":"Forense-03","type":"standard","state":"visible","requirements":null,"connection_info":null,"next_id":null},{"id":290,"name":"Ataque forza bruta - Usuario","description":"**Cal \u00e9 o primeiro usuario empregado no ataque de forza bruta?** \r\n\r\nFormato: XXX\r\n\r\n------\r\n\r\n\u00bfCu\u00e1l es el primero usuario empleado en el ataque de fuerza bruta?\r\n\r\nFormato: XXX","max_attempts":5,"value":30,"category":"Forense-04","type":"standard","state":"visible","requirements":null,"connection_info":null,"next_id":null},{"id":291,"name":"Ataque de Web Fuzzing","description":"**Que ferramenta/comando se empregou para realizar o ataque de Web Fuzzing?** \r\n\r\nFormato: XXXXX\r\n\r\n------\r\n\r\n\u00bfQu\u00e9 herramienta/comando se emple\u00f3 para realizar el ataque de Web Fuzzing?\r\n\r\nFormato: XXXXX","max_attempts":5,"value":35,"category":"Forense-05","type":"standard","state":"visible","requirements":null,"connection_info":null,"next_id":null},{"id":292,"name":"Shell inversa","description":"**Cal \u00e9 o nome do proceso sobre o cal se executa a shell inversa na m\u00e1quina v\u00edtima?** \r\n\r\nFormato: XXXXXX.XX\r\n\r\n------\r\n\r\n\u00bfCu\u00e1l es el nombre del proceso sobre el que se ejecuta la shell inversa en la m\u00e1quina v\u00edctima?\r\n\r\nFormato: XXXXXX.XX","max_attempts":5,"value":30,"category":"Forense-06","type":"standard","state":"visible","requirements":null,"connection_info":null,"next_id":null},{"id":293,"name":"Shell inversa, procesos, usuarios, ...","description":"**Cal \u00e9 o Id do usuario propietario de dito proceso?** \r\n\r\nFormato: XXXX\r\n\r\n------\r\n\r\n\u00bfCu\u00e1l es el Id del usuario propietario de dicho proceso?\r\n\r\nFormato: XXXX","max_attempts":5,"value":30,"category":"Forense-07","type":"standard","state":"visible","requirements":null,"connection_info":null,"next_id":null},{"id":294,"name":"Acceso inicial","description":"**Cal \u00e9 o CVE da vulnerabilidade empregada para o acceso inicial \u00e1 m\u00e1quina?** \r\n\r\nFormato: CVE-XXXX-XXXX\r\n\r\n------\r\n\r\n\u00bfCu\u00e1l es el CVE de la vulnerabilidad empleada para el acceso inicial a la m\u00e1quina?\r\n\r\nFormato: CVE-XXXX-XXXX","max_attempts":5,"value":100,"category":"Forense-08","type":"standard","state":"visible","requirements":null,"connection_info":null,"next_id":null},{"id":295,"name":"Escalada privilexios - ficheiro","description":"**Cal \u00e9 o nome do ficheiro que \u00e9 compilado para facer a escalada de privilexios?** \r\n\r\nFormato: XXXXXXX.X\r\n\r\n------\r\n\r\n\u00bfCu\u00e1l es el nombre del fichero que se compila para hacer la escalada de privilegios?\r\n\r\nFormato: XXXXXXX.X","max_attempts":5,"value":50,"category":"Forense-09","type":"standard","state":"visible","requirements":null,"connection_info":null,"next_id":null},{"id":296,"name":"Escalada privilexios - CVE","description":"**Cal \u00e9 o CVE da vulnerabilidade empregada para a escalada de privilexios?** \r\n\r\nCVE-XXXX-XXXX\r\n\r\n------\r\n\r\n\u00bfCu\u00e1l es el CVE de la vulnerabilidad empleada para la escalada de privilegios?\r\n\r\nCVE-XXXX-XXXX","max_attempts":5,"value":50,"category":"Forense-10","type":"standard","state":"visible","requirements":null,"connection_info":null,"next_id":null},{"id":297,"name":"Webshell","description":"**Cal \u00e9 o nome da webshell que deixou activa o atacante no servidor web?** \r\n\r\nFormato: XXXXX\r\n\r\n------\r\n\r\n\u00bfCu\u00e1l es el nombre de la webshell que dej\u00f3 activa el atacante en el servidor web?\r\n\r\nFormato: XXXXX","max_attempts":5,"value":35,"category":"Forense-11","type":"standard","state":"visible","requirements":null,"connection_info":null,"next_id":null},{"id":298,"name":"Persistencia","description":"**Cal foi o usuario de sistema modificado polo atacante para conseguir persistencia no sistema?** \r\n\r\nFormato: XXXXXXXX\r\n\r\n------\r\n\r\n\u00bfCu\u00e1l fue el usuario del sistema modificado por el atacante para conseguir persistencia en el sistema?\r\n\r\nFormato: XXXXXXXX","max_attempts":5,"value":25,"category":"Forense-12","type":"standard","state":"visible","requirements":null,"connection_info":null,"next_id":null},{"id":299,"name":"Horas, minutos e segundos","description":"**A que hora foi accedido o ficheiro empregado pola WebShell (Hora UTC)?** \r\n\r\nFormato: HH:MM:SS\r\n\r\n------\r\n\r\n\u00bfA qu\u00e9 hora fue accedido el fichero empleado por la WebShell (Hora UTC)?\r\n\r\nFormato: HH:MM:SS","max_attempts":5,"value":75,"category":"Forense-13","type":"standard","state":"visible","requirements":null,"connection_info":null,"next_id":null}],"meta":{}}