{"count":4,"results":[{"id":3,"type":"page","location":"c2e4510382f84607f5322dd6ec6da07d/destacados_fp_innova_branco.png","challenge_id":null,"page_id":null},{"id":7,"type":"page","location":"92b8e91a19738d45564cc8c38c7453a7/logo_xunta_positivo.png","challenge_id":null,"page_id":null},{"id":8,"type":"page","location":"2d1f8f737672c526021d7f41b6a28622/composicion_formacion_profesional_innova.png","challenge_id":null,"page_id":null},{"id":21,"type":"page","location":"bacca6ec5b789904f444ce0146468e6a/forense6_op.gif","challenge_id":null,"page_id":null}],"meta":{}}