{"count":13,"results":[{"id":358,"challenge_id":287,"type":"static","content":"10.2.0.5","data":"case_insensitive"},{"id":359,"challenge_id":288,"type":"static","content":"10.2.0.4","data":"case_insensitive"},{"id":360,"challenge_id":289,"type":"static","content":"SSH","data":"case_insensitive"},{"id":361,"challenge_id":290,"type":"static","content":"adm","data":"case_insensitive"},{"id":362,"challenge_id":291,"type":"static","content":"wfuzz","data":"case_insensitive"},{"id":363,"challenge_id":292,"type":"static","content":"server.rb","data":"case_insensitive"},{"id":364,"challenge_id":293,"type":"static","content":"1124","data":"case_insensitive"},{"id":365,"challenge_id":294,"type":"static","content":"CVE-2016-2098","data":"case_insensitive"},{"id":366,"challenge_id":295,"type":"static","content":"explotame.c","data":"case_insensitive"},{"id":367,"challenge_id":296,"type":"static","content":"CVE-2015-1328","data":"case_insensitive"},{"id":368,"challenge_id":297,"type":"static","content":"p0wny","data":"case_insensitive"},{"id":369,"challenge_id":298,"type":"static","content":"www-data","data":"case_insensitive"},{"id":370,"challenge_id":299,"type":"static","content":"17:06:58","data":"case_insensitive"}],"meta":{}}