{"count":2,"results":[{"id":1,"title":"None","route":"index","content":"<div class=\"row\">\r\n    <div class=\"col-md-10\">\r\n        <img class=\"w-100 mx-auto d-block\" style=\"max-width: 500x;padding: 20px;padding-top: 7vh;\" src=\"/files/bacca6ec5b789904f444ce0146468e6a/forense6_op.gif\" />\r\n<h1 class=\"text-center\">\r\n        <p>Forense en Linux</p> \r\n</h1>\r\n<h2 class=\"text-center\">\r\n  <p>Inicio: XX/XX/2023 - XX:XX horas</p>\r\n  <p>Fin: XX/XX/2023 - XX:XX horas</p>\r\n<hr>\r\n<h2 class=\"text-center\">\r\n  <p> </p>\r\n    <p><a href=\"https://www.iessanclemente.net/\" target=\"_blank\">IES San Clemente</a> - <a href=\"https://www.cifprodolfoucha.es/\"  target=\"_blank\">CIFP Rodolfo Ucha Pi\u00f1eiro</a></p>\r\n</h2>\r\n<br>\r\n<table align=\"center\" cellspacing=\"50\">\r\n<tr>\r\n    <td><a href=\"https://www.edu.xunta.gal/\" target=\"_blank\"><img class=\"w-100 mx-auto d-block\" style=\"max-width: 250px;padding: 5px;\" src=\"/files/92b8e91a19738d45564cc8c38c7453a7/logo_xunta_positivo.png\" /></a></td>\r\n    <td><a href=\"https://www.edu.xunta.gal/fp/convocatoria-innovacion-2022\" target=\"_blank\"><img class=\"w-100 mx-auto d-block\" style=\"max-width: 250px;padding: 5px;\" src=\"/files/2d1f8f737672c526021d7f41b6a28622/composicion_formacion_profesional_innova.png\" /></a></td>\r\n</tr>\r\n</table>\r\n      <p> </p>\r\n      <h6>Actividade desenvolvida dentro do proxecto \"Plataforma de retos de ciberseguridade. A gamificaci\u00f3n no proceso de adquisici\u00f3n de competencias no \u00e1mbito da ciberseguridade\", financiado na convocatoria de premios para o desenvolvemento de proxectos de innovaci\u00f3n na FP do ano 2022.</h6>\r\n       <h6 class=\"text-center\">Email de contacto: ciberseguridade @ iessanclemente.net</h6>\r\n    </div>\r\n</div>","draft":0,"hidden":0,"auth_required":0,"format":"html"},{"id":2,"title":"Caso#1","route":"forense_en_linux","content":"<h3 class=\"text-center\">\r\n            <p>An\u00e1lise forense en Linux</p>\r\n</h3>\r\n \t \r\nSobre as 17:07 UTC do d\u00eda 26 de xu\u00f1o salta unha alarma no noso sistema de monitorizaci\u00f3n sobre unha das m\u00e1quinas que temos na nosa rede interna. Crese que poder\u00eda estar comprometida e que os atacantes ter\u00edan conseguido algunha sesi\u00f3n que a\u00ednda est\u00e1 aberta. O ataque parece que poder\u00eda estar realizado desde unha m\u00e1quina da nosa rede interna.\r\n\r\nInmediatamente real\u00edzase un envorcado da memoria RAM do equipo comprometido e env\u00edase mediante netcat a outra m\u00e1quina da rede (10.2.0.9). Despois ap\u00e1gase a m\u00e1quina e real\u00edzase unha imaxe completa do disco duro en formato EnCase.\r\n\r\nEfect\u00faase, ademais, un interrogatorio entre os  usuarios \u201cautorizados\u201d do devandito equipo e ningu\u00e9n entre as 16:15 e a hora en que se realizou a adquisici\u00f3n conectouse a el, nin de forma local nin remota.\r\n\r\nP\u00eddeseche que realices unha an\u00e1lise de evidencias, detectes os vectores de entrada ao sistema e as acci\u00f3ns realizadas polos atacantes e xeres unha li\u00f1a temporal das acci\u00f3ns detectadas. \r\n\r\nNota: Para simplificar \u00e1 an\u00e1lise podemos descartar calquera evidencia anterior \u00e1s 16:15 UTC.\r\n\r\nEvidencias aportadas:\r\n- Captura de memoria RAM.\r\n- Perfil de memoria do equipo para o seu traballo con volatility (Ubuntu_3.13.0-24-generic_profile.zip).\r\n- Imaxe do disco duro en formato EnCase.\r\n\r\nDescarga de evidencias:\r\n- <a href=\"https://drive.google.com/file/d/1jTDBAopaXcUZb551nkdHHSExZ1zI8_vB/view?usp=share_link\" target=\"_blank\">mirror1</a>\r\n- <a href=\"https://drive.google.com/file/d/1D5CGbl7QRXA1XRZ_XvlbYZHPf0eTJX1W/view?usp=sharing\" target=\"_blank\">mirror2</a>\r\n- <a href=\"https://drive.google.com/file/d/1o3KVb7U4iONfHtJrUMjmU-_9U8UQYs6x/view?usp=sharing\" target=\"_blank\">mirror3</a>\r\n\r\n---\r\n---\r\n\r\nSobre las 17:07 UTC del d\u00eda 26 de junio salta una alarma en nuestro sistema de monitorizaci\u00f3n sobre una de las m\u00e1quinas que tenemos en nuestra red interna. Se cree que podr\u00eda estar comprometida y que los atacantes habr\u00e1n conseguido alguna sesi\u00f3n que todav\u00eda est\u00e1 abierta. El ataque parece que podr\u00eda estar realizado desde una m\u00e1quina de nuestra red interna.\r\n\r\nDe inmediato se realiza un volcado de la memoria RAM del equipo comprometido y se env\u00eda mediante netcat a otra m\u00e1quina de la red (10.2.0.9). Despu\u00e9s se apaga la m\u00e1quina y se realiza una imagen completa del disco duro en formato EnCase.\r\n\r\nSe efectua, adem\u00e1s, un interrogatorio entre los  usuarios \u201cautorizados\u201d del dicho equipo; y ninguno entre las 16:15 y la hora en que se realiz\u00f3 la adquisici\u00f3n se conect\u00f3 a el, ni de forma local ni remota.\r\n\r\nSe te pide que realices un an\u00e1lisis de evidencias, detectes los vectores de entrada al sistema y las acciones realizadas por los atacantes y generes una l\u00ednea temporal de las acciones detectadas. \r\n\r\nNota: Para simplificar el an\u00e1lisis podemos descartar cualquier evidencia anterior a las 16:15 UTC.\r\n\r\nEvidencias aportadas:\r\n- Captura de memoria RAM.\r\n- Perfil de memoria do equipo para su trabajo con volatility (Ubuntu_3.13.0-24-generic_profile.zip).\r\n- Imagen del disco duro en formato EnCase.\r\n\r\nDescarga de evidencias:\r\n- <a href=\"https://drive.google.com/file/d/1jTDBAopaXcUZb551nkdHHSExZ1zI8_vB/view?usp=share_link\" target=\"_blank\">mirror1</a>\r\n- <a href=\"https://drive.google.com/file/d/1D5CGbl7QRXA1XRZ_XvlbYZHPf0eTJX1W/view?usp=sharing\" target=\"_blank\">mirror2</a>\r\n- <a href=\"https://drive.google.com/file/d/1o3KVb7U4iONfHtJrUMjmU-_9U8UQYs6x/view?usp=sharing\" target=\"_blank\">mirror3</a>\r\n\r\n<br>\r\n<h2 class=\"text-center\">\r\n  <p> </p>\r\n    <p><a href=\"https://www.iessanclemente.net/\" target=\"_blank\">IES San Clemente</a> - <a href=\"https://www.cifprodolfoucha.es/\"  target=\"_blank\">CIFP Rodolfo Ucha Pi\u00f1eiro</a></p>\r\n</h2>\r\n<br>\r\n<table align=\"center\" cellspacing=\"50\">\r\n<tr>\r\n    <td><a href=\"https://www.edu.xunta.gal/\" target=\"_blank\"><img class=\"w-100 mx-auto d-block\" style=\"max-width: 250px;padding: 5px;\" src=\"/files/92b8e91a19738d45564cc8c38c7453a7/logo_xunta_positivo.png\" /></a></td>\r\n    <td><a href=\"https://www.edu.xunta.gal/fp/convocatoria-innovacion-2022\" target=\"_blank\"><img class=\"w-100 mx-auto d-block\" style=\"max-width: 250px;padding: 5px;\" src=\"/files/2d1f8f737672c526021d7f41b6a28622/composicion_formacion_profesional_innova.png\" /></a></td>\r\n</tr>\r\n</table>\r\n      <p> </p>\r\n      <h6>Actividade desenvolvida dentro do proxecto \"Plataforma de retos de ciberseguridade. A gamificaci\u00f3n no proceso de adquisici\u00f3n de competencias no \u00e1mbito da ciberseguridade\", financiado na convocatoria de premios para o desenvolvemento de proxectos de innovaci\u00f3n na FP do ano 2022.</h6>","draft":0,"hidden":0,"auth_required":0,"format":"markdown"}],"meta":{}}