{"count":31,"results":[{"id":287,"name":"Dir. IP v\u00edtima","description":"**Cal \u00e9 a direcci\u00f3n IP da m\u00e1quina v\u00edtima?** \r\n\r\nFormato: XX.X.X.X\r\n\r\n------\r\n\r\n\u00bfCu\u00e1l es la direcci\u00f3n IP de la m\u00e1quina v\u00edctima?\r\n\r\nFormato: XX.X.X.X","max_attempts":5,"value":10,"category":"Forense-01","type":"standard","state":"hidden","requirements":null,"connection_info":null,"next_id":null},{"id":288,"name":"Dir. IP atacante","description":"**Cal \u00e9 a direcci\u00f3n IP da m\u00e1quina atacante?** \r\n\r\nFormato: XX.X.X.X\r\n\r\n------\r\n\r\n\u00bfCu\u00e1l es la direcci\u00f3n IP de la m\u00e1quina atacante?\r\n\r\nFormato: XX.X.X.X","max_attempts":5,"value":10,"category":"Forense-02","type":"standard","state":"hidden","requirements":null,"connection_info":null,"next_id":null},{"id":289,"name":"Ataque forza bruta - Servizo","description":"**Sobre qu\u00e9 servizo/protocolo se realizou un ataque de forza bruta?** \r\n\r\nFormato: XXX\r\n\r\n------\r\n\r\n\u00bfSobre qu\u00e9 servicio/protocolo se realiz\u00f3 un ataque de fuerza bruta??\r\n\r\nFormato: XXX","max_attempts":5,"value":20,"category":"Forense-03","type":"standard","state":"hidden","requirements":null,"connection_info":null,"next_id":null},{"id":290,"name":"Ataque forza bruta - Usuario","description":"**Cal \u00e9 o primeiro usuario empregado no ataque de forza bruta?** \r\n\r\nFormato: XXX\r\n\r\n------\r\n\r\n\u00bfCu\u00e1l es el primero usuario empleado en el ataque de fuerza bruta?\r\n\r\nFormato: XXX","max_attempts":5,"value":30,"category":"Forense-04","type":"standard","state":"hidden","requirements":null,"connection_info":null,"next_id":null},{"id":291,"name":"Ataque de Web Fuzzing","description":"**Que ferramenta/comando se empregou para realizar o ataque de Web Fuzzing?** \r\n\r\nFormato: XXXXX\r\n\r\n------\r\n\r\n\u00bfQu\u00e9 herramienta/comando se emple\u00f3 para realizar el ataque de Web Fuzzing?\r\n\r\nFormato: XXXXX","max_attempts":5,"value":35,"category":"Forense-05","type":"standard","state":"hidden","requirements":null,"connection_info":null,"next_id":null},{"id":292,"name":"Shell inversa","description":"**Cal \u00e9 o nome do proceso sobre o cal se executa a shell inversa na m\u00e1quina v\u00edtima?** \r\n\r\nFormato: XXXXXX.XX\r\n\r\n------\r\n\r\n\u00bfCu\u00e1l es el nombre del proceso sobre el que se ejecuta la shell inversa en la m\u00e1quina v\u00edctima?\r\n\r\nFormato: XXXXXX.XX","max_attempts":5,"value":30,"category":"Forense-06","type":"standard","state":"hidden","requirements":null,"connection_info":null,"next_id":null},{"id":293,"name":"Shell inversa, procesos, usuarios, ...","description":"**Cal \u00e9 o Id do usuario propietario de dito proceso?** \r\n\r\nFormato: XXXX\r\n\r\n------\r\n\r\n\u00bfCu\u00e1l es el Id del usuario propietario de dicho proceso?\r\n\r\nFormato: XXXX","max_attempts":5,"value":30,"category":"Forense-07","type":"standard","state":"hidden","requirements":null,"connection_info":null,"next_id":null},{"id":294,"name":"Acceso inicial","description":"**Cal \u00e9 o CVE da vulnerabilidade empregada para o acceso inicial \u00e1 m\u00e1quina?** \r\n\r\nFormato: CVE-XXXX-XXXX\r\n\r\n------\r\n\r\n\u00bfCu\u00e1l es el CVE de la vulnerabilidad empleada para el acceso inicial a la m\u00e1quina?\r\n\r\nFormato: CVE-XXXX-XXXX","max_attempts":5,"value":100,"category":"Forense-08","type":"standard","state":"hidden","requirements":null,"connection_info":null,"next_id":null},{"id":295,"name":"Escalada privilexios - ficheiro","description":"**Cal \u00e9 o nome do ficheiro que \u00e9 compilado para facer a escalada de privilexios?** \r\n\r\nFormato: XXXXXXX.X\r\n\r\n------\r\n\r\n\u00bfCu\u00e1l es el nombre del fichero que se compila para hacer la escalada de privilegios?\r\n\r\nFormato: XXXXXXX.X","max_attempts":5,"value":50,"category":"Forense-09","type":"standard","state":"hidden","requirements":null,"connection_info":null,"next_id":null},{"id":296,"name":"Escalada privilexios - CVE","description":"**Cal \u00e9 o CVE da vulnerabilidade empregada para a escalada de privilexios?** \r\n\r\nCVE-XXXX-XXXX\r\n\r\n------\r\n\r\n\u00bfCu\u00e1l es el CVE de la vulnerabilidad empleada para la escalada de privilegios?\r\n\r\nCVE-XXXX-XXXX","max_attempts":5,"value":50,"category":"Forense-10","type":"standard","state":"hidden","requirements":null,"connection_info":null,"next_id":null},{"id":297,"name":"Webshell","description":"**Cal \u00e9 o nome da webshell que deixou activa o atacante no servidor web?** \r\n\r\nFormato: XXXXX\r\n\r\n------\r\n\r\n\u00bfCu\u00e1l es el nombre de la webshell que dej\u00f3 activa el atacante en el servidor web?\r\n\r\nFormato: XXXXX","max_attempts":5,"value":35,"category":"Forense-11","type":"standard","state":"hidden","requirements":null,"connection_info":null,"next_id":null},{"id":298,"name":"Persistencia","description":"**Cal foi o usuario de sistema modificado polo atacante para conseguir persistencia no sistema?** \r\n\r\nFormato: XXXXXXXX\r\n\r\n------\r\n\r\n\u00bfCu\u00e1l fue el usuario del sistema modificado por el atacante para conseguir persistencia en el sistema?\r\n\r\nFormato: XXXXXXXX","max_attempts":5,"value":25,"category":"Forense-12","type":"standard","state":"hidden","requirements":null,"connection_info":null,"next_id":null},{"id":299,"name":"Horas, minutos e segundos","description":"**A que hora foi accedido o ficheiro empregado pola WebShell (Hora UTC)?** \r\n\r\nFormato: HH:MM:SS\r\n\r\n------\r\n\r\n\u00bfA qu\u00e9 hora fue accedido el fichero empleado por la WebShell (Hora UTC)?\r\n\r\nFormato: HH:MM:SS","max_attempts":5,"value":75,"category":"Forense-13","type":"standard","state":"hidden","requirements":null,"connection_info":null,"next_id":null},{"id":300,"name":"Un bo comezo","description":"**Cal \u00e9 o nome do equipo?** \r\n\r\nFormato: nome\r\n\r\n------\r\n\r\n\u00bfCu\u00e1l es el nombre del equipo?\r\n\r\nFormato: nombre","max_attempts":0,"value":100,"category":"Parte 1 - 1","type":"standard","state":"visible","requirements":null,"connection_info":null,"next_id":null},{"id":302,"name":"Hash de Tanner","description":"**Cal \u00e9 o hash do contrasinal do usuario Tanner?** (so os 32 caracteres que est\u00e1n xusto antes da secuencia \u201c:::\u201d, en min\u00fasculas)\r\n\r\n------\r\n\r\n\u00bfCu\u00e1l es el hash de la contrase\u00f1a del usuario Tanner? (s\u00f3lo los 32 caracteres que est\u00e1n justo antes de la secuencia \u201c:::\u201d, en min\u00fasculas)","max_attempts":3,"value":100,"category":"Parte 1 - 2","type":"standard","state":"visible","requirements":null,"connection_info":null,"next_id":null},{"id":303,"name":"Recibindo ordes","description":"**Segundo o plugin *consoles*, en que direcci\u00f3n de memoria se atopa a frase na que Tanner pregunta a quen van asasinar?** \r\n\r\nFormato: 0xXXXXXX\r\n\r\n------\r\n\r\nSeg\u00fan el plugin *consoles*, \u00bfen qu\u00e9 direcci\u00f3n de memoria se encuentra la frase en la que Tanner pregunta a qui\u00e9n van a asesinar?\r\n\r\nFormato: 0xXXXXXX","max_attempts":3,"value":100,"category":"Parte 1 - 4","type":"standard","state":"visible","requirements":null,"connection_info":null,"next_id":null},{"id":304,"name":"Comunic\u00e1ndose en segredo","description":"**Como se chama o arquivo de proceso por lotes no que se lanza a aplicaci\u00f3n de chat?** \r\n\r\nFormato: nome.extensi\u00f3n\r\n\r\n------\r\n\r\n\u00bfC\u00f3mo se llama el archivo de proceso por lotes en el que se lanza la aplicaci\u00f3n dechat?\r\n\r\nFormato: nombre.extensi\u00f3n","max_attempts":3,"value":100,"category":"Parte 1 - 5","type":"standard","state":"visible","requirements":null,"connection_info":null,"next_id":null},{"id":305,"name":"A\u00ednda con esas...","description":"**Cal \u00e9 o identificador do proceso que ten como fillo a unha aplicaci\u00f3n Java?** \r\n\r\nFormato: n\u00famero\r\n\r\n------\r\n\r\n\u00bfCu\u00e1l es el identificador del proceso que tiene como hijo a una aplicaci\u00f3n Java?\r\n\r\nFormato: n\u00famero","max_attempts":3,"value":100,"category":"Parte 1 - 6","type":"standard","state":"visible","requirements":null,"connection_info":null,"next_id":null},{"id":306,"name":"Cabo solto","description":"**Cal \u00e9 o apelido que Castaldi menciona durante a conversaci\u00f3n na que se revela que van matar ao Presidente?** \r\n\r\nFormato: apelido\r\n\r\n------\r\n\r\n\u00bfCu\u00e1l es el apellido que Castaldi menciona durante la conversaci\u00f3n en la que se revela que van a matar al Presidente?\r\n\r\nFormato: apellido","max_attempts":3,"value":300,"category":"Parte 1 - 7","type":"standard","state":"visible","requirements":null,"connection_info":null,"next_id":null},{"id":307,"name":"Que tempos!","description":"**Cal \u00e9 o nome de arquivo (inclu\u00edda a extensi\u00f3n) coa imaxe JPG que se abriu un intre antes de que Tanner tivese que abandonar o equipo?** \r\n\r\nFormato: nombre.extensi\u00f3n\r\n\r\n------\r\n\r\n\u00bfCu\u00e1l es el nombre de archivo (incluida la extensi\u00f3n) con la imagen JPG que se abri\u00f3 un rato antes de que Tanner tuviera que abandonar el equipo?\r\n\r\nFormato: nome.extensi\u00f3n","max_attempts":3,"value":100,"category":"Parte 1 - 8","type":"standard","state":"visible","requirements":null,"connection_info":null,"next_id":null},{"id":308,"name":"Que observador...","description":"**Cal \u00e9 o identificador de proceso co que se abriu dita imaxe?** \r\n\r\nFormato: n\u00famero\r\n\r\n------\r\n\r\n\u00bfCu\u00e1l es el identificador de proceso con el que se abri\u00f3 dicha imagen?\r\n\r\nFormato: n\u00famero","max_attempts":0,"value":200,"category":"Parte 1 - 9","type":"standard","state":"visible","requirements":null,"connection_info":null,"next_id":null},{"id":309,"name":"Contrasinal","description":"**Cal \u00e9 o contrasinal correspondente a devandito hash?** \r\n\r\nFormato: contrasinal\r\n\r\n------\r\n\r\n\u00bfCu\u00e1l es la contrase\u00f1a correspondiente a dicho hash?\r\n\r\nFormato: contrase\u00f1a","max_attempts":3,"value":100,"category":"Parte 1 - 3","type":"standard","state":"visible","requirements":null,"connection_info":null,"next_id":null},{"id":310,"name":"Antigualla","description":"**Cal \u00e9 a versi\u00f3n do SO? (inclu\u00edda a edici\u00f3n e o service pack se os houbese)** \r\n\r\nFormato: versi\u00f3n sistema operativo service pack\r\n\r\n------\r\n\r\n\u00bfCu\u00e1l es la versi\u00f3n del SO? (incluida la edici\u00f3n y el service pack si lo hubiera)\r\n\r\nFormato: versi\u00f3n sistema operativo service pack","max_attempts":0,"value":50,"category":"Parte 2 - 1","type":"standard","state":"visible","requirements":null,"connection_info":null,"next_id":null},{"id":311,"name":"A \u00faltima vez","description":"**En que data e hora fixo Tanner login por \u00faltima vez? (formato DD/MM/AAAA HH:mm:ss, po\u00f1endo a hora na zona horaria UTC)** \r\n\r\n------\r\n\r\n\u00bfEn qu\u00e9 fecha y hora hizo Tanner login por \u00faltima vez? (formato DD/MM/AAAA HH:mm:ss, poniendo la hora en la zona horaria UTC)","max_attempts":3,"value":50,"category":"Parte 2 - 2","type":"standard","state":"visible","requirements":null,"connection_info":null,"next_id":null},{"id":312,"name":"Pequeno erro","description":"**En que data e hora se equivocou por \u00faltima vez Tanner ao meter o seu password de usuario? (formato DD/MM/AAAA HH:MM:SS e zona horaria UTC)** \r\n\r\n------\r\n\r\n\u00bfEn qu\u00e9 fecha y hora se equivoc\u00f3 por \u00faltima vez Tanner al meter su password de usuario? (formato DD/MM/AAAA HH:MM:SS y zona horaria UTC)","max_attempts":0,"value":50,"category":"Parte 2 - 3","type":"standard","state":"visible","requirements":null,"connection_info":null,"next_id":null},{"id":313,"name":"Navegando seguro","description":"**Que versi\u00f3n de Mozilla Firefox ti\u00f1a Tanner instalada no seu equipo? (Usar o formato major.minor, sen a letra \u201cv\u201d nin nada)** \r\n\r\n------\r\n\r\n\u00bfQu\u00e9 versi\u00f3n de Mozilla Firefox ten\u00eda Tanner instalada en su equipo? (Usar el formato major.minor, sin la letra \u201cv\u201d ni nada)","max_attempts":3,"value":50,"category":"Parte 2 - 4","type":"standard","state":"visible","requirements":null,"connection_info":null,"next_id":null},{"id":314,"name":"Terrorista","description":"**Tanner estivo mirando un v\u00eddeo sobre un terrorista. Cal \u00e9 o seu nome? (formato Nome Apelido, sen diminutivos nin segundo nome)**\r\n\r\n------\r\n\r\nTanner ha estado mirando un v\u00eddeo sobre un terrorista. \u00bfCu\u00e1l es su nombre? (formato Nombre Apellido, sin diminutivos ni segundo nombre)","max_attempts":0,"value":50,"category":"Parte 2 - 5","type":"standard","state":"visible","requirements":null,"connection_info":null,"next_id":null},{"id":315,"name":"De hotel en hotel","description":"**Sabemos que Tanner al\u00f3xase no Holiday Inn Manhattan Financial District, pero os mafiosos aloxaron a Jean Paul noutro hotel e o noso heroe ten que ir recollelo al\u00ed. Cal \u00e9?** \r\n\r\nFormato: nome do hotel\r\n\r\n------\r\n\r\nSabemos que Tanner se aloja en el Holiday Inn Manhattan Financial District, pero los mafiosos han alojado a Jean Paul en otro hotel y nuestro h\u00e9roe tiene que ir a recogerlo all\u00ed. \u00bfCu\u00e1l es?\r\n\r\nFormato: nombre del hotel","max_attempts":3,"value":50,"category":"Parte 2 - 6","type":"standard","state":"visible","requirements":null,"connection_info":null,"next_id":null},{"id":316,"name":"Tanner de vacaci\u00f3ns","description":"**En que lugar estar\u00e1 Tanner de vacaci\u00f3ns probablemente?** \r\n\r\nFormato: nome do lugar\r\n\r\n------\r\n\r\n\u00bfEn qu\u00e9 lugar estar\u00e1 Tanner de vacaciones probablemente?\r\n\r\nFormato: nombre del lugar","max_attempts":3,"value":50,"category":"Parte 2 - 7","type":"standard","state":"visible","requirements":null,"connection_info":null,"next_id":null},{"id":317,"name":"O pendrive de Tanner","description":"**En que data e hora introduciu Tanner a s\u00faa pendrive por \u00faltima vez no equipo? (formato DD/MM/AAAA HH:mm:ss, po\u00f1endo a hora na zona horaria CET)** \r\n\r\n------\r\n\r\n\u00bfEn qu\u00e9 fecha y hora introdujo Tanner su pendrive por \u00faltima vez en el equipo? (formato DD/MM/AAAA HH:mm:ss, poniendo la hora en la zona horaria CET)","max_attempts":3,"value":50,"category":"Parte 2 - 8","type":"standard","state":"visible","requirements":null,"connection_info":null,"next_id":null},{"id":318,"name":"Lectura en liberdade","description":"**Tanner descargouse un libro en formato .doc Cal \u00e9 o nome completo do arquivo?** \r\n\r\nFormato: nome completo.extensi\u00f3n\r\n\r\n------\r\n\r\nTanner se descarg\u00f3 un libro en formato .doc \u00bfCu\u00e1l es el nombre completo del archivo?\r\n\r\nFormato: nombre completo.extensi\u00f3n","max_attempts":3,"value":100,"category":"Parte 2 -9","type":"standard","state":"visible","requirements":null,"connection_info":null,"next_id":null}],"meta":{}}