{"count":12,"results":[{"id":153,"type":"user","value":"CIFP Rodolfo Ucha Pi\u00f1eiro","field_id":1,"user_id":80,"team_id":null},{"id":230,"type":"user","value":"CIFP Rodolfo Ucha Pi\u00f1eiro","field_id":1,"user_id":119,"team_id":null},{"id":231,"type":"user","value":"CIFP_Rodolfo_Ucha","field_id":1,"user_id":120,"team_id":null},{"id":232,"type":"user","value":"SMIR","field_id":2,"user_id":120,"team_id":null},{"id":233,"type":"user","value":"IES Alarms","field_id":1,"user_id":121,"team_id":null},{"id":234,"type":"user","value":"CISM","field_id":2,"user_id":121,"team_id":null},{"id":235,"type":"user","value":"UCHA_CTF","field_id":1,"user_id":122,"team_id":null},{"id":236,"type":"user","value":"SMIR","field_id":2,"user_id":122,"team_id":null},{"id":237,"type":"user","value":"CIP FP BATOI","field_id":1,"user_id":123,"team_id":null},{"id":238,"type":"user","value":"","field_id":2,"user_id":123,"team_id":null},{"id":239,"type":"user","value":"IES","field_id":1,"user_id":124,"team_id":null},{"id":240,"type":"user","value":"ASIR","field_id":2,"user_id":124,"team_id":null}],"meta":{}}