{"count":12,"results":[{"id":2,"type":"page","location":"6687ee0328271c73a99ca098d685fb6c/log4shell.png","challenge_id":null,"page_id":null},{"id":3,"type":"page","location":"c2e4510382f84607f5322dd6ec6da07d/destacados_fp_innova_branco.png","challenge_id":null,"page_id":null},{"id":4,"type":"page","location":"54cd649e34973630a969cd2a35740813/Apache_Log4j_Logo.png","challenge_id":null,"page_id":null},{"id":7,"type":"page","location":"92b8e91a19738d45564cc8c38c7453a7/logo_xunta_positivo.png","challenge_id":null,"page_id":null},{"id":8,"type":"page","location":"2d1f8f737672c526021d7f41b6a28622/composicion_formacion_profesional_innova.png","challenge_id":null,"page_id":null},{"id":9,"type":"page","location":"b17980eb4c5f6acaf1de8fc753ef1d51/cartel_ciberseguridade_pq-212x300.jpg","challenge_id":null,"page_id":null},{"id":12,"type":"page","location":"6a851f678cf5af06a4e12a2e976ec1c0/ia_forense_03.jpg","challenge_id":null,"page_id":null},{"id":13,"type":"page","location":"ec54ca4035cf59e4cb2bd1c313f81f5f/ia_forense_02.jpg","challenge_id":null,"page_id":null},{"id":17,"type":"page","location":"ed63abc72998874c6c7a026b35fd7a97/forense4_op_red.gif","challenge_id":null,"page_id":null},{"id":19,"type":"page","location":"b4d0907a677ea0359aca4d73d31e22ee/forense5_op.gif","challenge_id":null,"page_id":null},{"id":21,"type":"page","location":"bacca6ec5b789904f444ce0146468e6a/forense6_op.gif","challenge_id":null,"page_id":null},{"id":22,"type":"page","location":"b4676f992bf6e0e39b40fbcbedf1ce79/mafia_color.gif","challenge_id":null,"page_id":null}],"meta":{}}