{"count":8,"results":[{"id":8,"oauth_id":null,"name":"administrador","password":"$bcrypt-sha256$2b,12$MRK.fcBx9/3lmsCIcHR6iu$pD3ksxJ7jqUMRhyDrvVYzL.khUQfLr.","email":"mgregal@iessanclemente.net","type":"admin","secret":null,"website":null,"affiliation":null,"country":null,"bracket":null,"hidden":1,"banned":0,"verified":0,"team_id":null,"created":"2022-05-16T09:03:11"},{"id":80,"oauth_id":null,"name":"adelrio","password":"$bcrypt-sha256$v=2,t=2b,r=12$/YRqpZCaUKwCB8gS1TXJz.$s3nzayLRkkOE7fzwmieGxXuv2ITSEni","email":"adelrio@edu.xunta.gal","type":"admin","secret":null,"website":null,"affiliation":null,"country":null,"bracket":null,"hidden":1,"banned":0,"verified":0,"team_id":null,"created":"2023-02-03T20:13:55.771206"},{"id":119,"oauth_id":null,"name":"rafalg","password":"$bcrypt-sha256$v=2,t=2b,r=12$sDP.RE2aBYgiaA8C9a1dbO$CVCON1JkL6PgVGJDDZnYHg0QVJ4rQsK","email":"rafalg@edu.xunta.es","type":"admin","secret":null,"website":null,"affiliation":null,"country":null,"bracket":null,"hidden":1,"banned":0,"verified":0,"team_id":null,"created":"2023-02-16T08:07:13.220237"},{"id":120,"oauth_id":null,"name":"AlbertoMi\u00f1an","password":"$bcrypt-sha256$v=2,t=2b,r=12$443DLDFsJUf0Fc0zf0PQ9O$Qmst.Bo1IDDUgWnDVSVxmSrjx6migsK","email":"beto10394@gmail.com","type":"user","secret":null,"website":null,"affiliation":null,"country":null,"bracket":null,"hidden":0,"banned":0,"verified":0,"team_id":null,"created":"2023-02-16T10:16:29.106747"},{"id":121,"oauth_id":null,"name":"Panzon","password":"$bcrypt-sha256$v=2,t=2b,r=12$spVaaWTzbZ1HnHoV6t46Re$1EACqFfu0XFPTZYRrD.ZlDpi./W7Kr2","email":"conjuntacrockett2018@gmail.com","type":"user","secret":null,"website":null,"affiliation":null,"country":null,"bracket":null,"hidden":0,"banned":0,"verified":0,"team_id":null,"created":"2023-02-16T13:28:35.751680"},{"id":122,"oauth_id":null,"name":"Dianaob","password":"$bcrypt-sha256$v=2,t=2b,r=12$l6VHZO8Art1lyOmDOUh0Ou$acfeVz0LiaMGS64IrEpbPvV82zGOlA2","email":"dilaxs00@gmail.com","type":"user","secret":null,"website":null,"affiliation":null,"country":null,"bracket":null,"hidden":0,"banned":0,"verified":0,"team_id":null,"created":"2023-02-16T15:01:58.316675"},{"id":123,"oauth_id":null,"name":"KFlynn","password":"$bcrypt-sha256$v=2,t=2b,r=12$TkMASRwRpCqO797DAg.XhO$RsmrAyxH9grhv/WCFie/p/cE9Bbc9I.","email":"igboronat@gmail.com","type":"user","secret":null,"website":null,"affiliation":null,"country":null,"bracket":null,"hidden":0,"banned":0,"verified":0,"team_id":null,"created":"2023-02-16T16:12:36.771448"},{"id":124,"oauth_id":null,"name":"hnyp","password":"$bcrypt-sha256$v=2,t=2b,r=12$AkLBo68Esw7vsfysfmq.BO$nRWeCx0xTb.LTAJUpP0glgu3mk.4fKe","email":"hnyp_qtywa60@pihey.com","type":"user","secret":null,"website":null,"affiliation":null,"country":null,"bracket":null,"hidden":0,"banned":0,"verified":0,"team_id":null,"created":"2023-02-16T21:49:26.139135"}],"meta":{}}