{"count":18,"results":[{"id":372,"challenge_id":302,"type":"static","content":"3ec585243c919f4217175e1918e07780","data":"case_insensitive"},{"id":373,"challenge_id":303,"type":"static","content":"0x192050","data":"case_insensitive"},{"id":374,"challenge_id":304,"type":"static","content":"chatApp2.bat","data":"case_insensitive"},{"id":375,"challenge_id":305,"type":"static","content":"2956","data":""},{"id":376,"challenge_id":306,"type":"static","content":"Maddox","data":"case_insensitive"},{"id":377,"challenge_id":307,"type":"static","content":"driver_you_are_the_wheelman.jpg","data":"case_insensitive"},{"id":378,"challenge_id":308,"type":"static","content":"2612","data":""},{"id":379,"challenge_id":309,"type":"static","content":"abc123.","data":""},{"id":380,"challenge_id":310,"type":"static","content":"Windows 7 Professional N Service Pack 1","data":"case_insensitive"},{"id":381,"challenge_id":311,"type":"static","content":"13/02/2022 17:26:22","data":""},{"id":382,"challenge_id":312,"type":"static","content":"13/02/2022 17:26:16","data":""},{"id":383,"challenge_id":313,"type":"static","content":"97.0","data":""},{"id":384,"challenge_id":314,"type":"static","content":"Theodore Kaczynski","data":"case_insensitive"},{"id":385,"challenge_id":315,"type":"static","content":"Hilton Garden Inn","data":"case_insensitive"},{"id":386,"challenge_id":316,"type":"static","content":"Canc\u00fan","data":"case_insensitive"},{"id":387,"challenge_id":317,"type":"static","content":"12-02-2022 14:39:17","data":""},{"id":388,"challenge_id":318,"type":"static","content":"Walden La Vida en los Bosques by Thoreau, Henry David (z-lib.org).doc","data":"case_insensitive"},{"id":389,"challenge_id":300,"type":"static","content":"DRIVERGAME","data":"case_insensitive"}],"meta":{}}