{"count":2,"results":[{"id":1,"title":"None","route":"index","content":"<div class=\"row\">\r\n    <div class=\"col-md-10\">\r\n        <img class=\"w-100 mx-auto d-block\" style=\"max-width: 500x;padding: 20px;padding-top: 7vh;\" src=\"/files/b4676f992bf6e0e39b40fbcbedf1ce79/mafia_color.gif\" />\r\n<h1 class=\"text-center\">\r\n        <p>Forense en Windows</p> \r\n</h1>\r\n<h2 class=\"text-center\">\r\n  <p>Inicio: XX/XX/2023 - XX:XX horas</p>\r\n  <p>Fin: XX/XX/2023 - XX:XX horas</p>\r\n<hr>\r\n<h2 class=\"text-center\">\r\n  <p> </p>\r\n    <p><a href=\"https://www.iessanclemente.net/\" target=\"_blank\">IES San Clemente</a> - <a href=\"https://www.cifprodolfoucha.es/\"  target=\"_blank\">CIFP Rodolfo Ucha Pi\u00f1eiro</a></p>\r\n</h2>\r\n<br>\r\n<table align=\"center\" cellspacing=\"50\">\r\n<tr>\r\n    <td><a href=\"https://www.edu.xunta.gal/\" target=\"_blank\"><img class=\"w-100 mx-auto d-block\" style=\"max-width: 250px;padding: 5px;\" src=\"/files/92b8e91a19738d45564cc8c38c7453a7/logo_xunta_positivo.png\" /></a></td>\r\n    <td><a href=\"https://www.edu.xunta.gal/fp/convocatoria-innovacion-2022\" target=\"_blank\"><img class=\"w-100 mx-auto d-block\" style=\"max-width: 250px;padding: 5px;\" src=\"/files/2d1f8f737672c526021d7f41b6a28622/composicion_formacion_profesional_innova.png\" /></a></td>\r\n</tr>\r\n</table>\r\n      <p> </p>\r\n      <h6>Actividade desenvolvida dentro do proxecto \"Plataforma de retos de ciberseguridade. A gamificaci\u00f3n no proceso de adquisici\u00f3n de competencias no \u00e1mbito da ciberseguridade\", financiado na convocatoria de premios para o desenvolvemento de proxectos de innovaci\u00f3n na FP do ano 2022.</h6>\r\n       <h6 class=\"text-center\">Email de contacto: ciberseguridade @ iessanclemente.net</h6>\r\n    </div>\r\n</div>","draft":0,"hidden":0,"auth_required":0,"format":"html"},{"id":12,"title":"Caso#2","route":"forense_en_windows","content":"<h3 class=\"text-center\">\r\n            <p>An\u00e1lise forense en Windows</p>\r\n</h3>\r\n<h4>Parte 1</h4> \t \r\n<p>O ex-piloto de carreiras John Tanner \u00e9 agora un polic\u00eda infiltrado na Mafia de Nova York. O seu capo, o se\u00f1or Castaldi, planea un golpe de forma inminente. Supo\u00f1emos que o elixido para levalo a cabo \u00e9 o implacable asasino a soldo Jean Paul, alias \u201cO Franc\u00e9s\u201d, e que, como de costume, Tanner conducir\u00e1 o coche da fuxida. Con todo, a\u00ednda non sabemos cal \u00e9 o obxectivo.</p>\r\n<p>O que si sabemos \u00e9 que Tanner estivo a manter conversaci\u00f3ns co Sr. Castaldi a trav\u00e9s dunha aplicaci\u00f3n de chat. Por desgraza, dita aplicaci\u00f3n est\u00e1 cifrada cun mecanismo co\u00f1ecido como Double Ratchet, similar ao que usan WhatsApp e os seus competidores e, por tanto, non puidemos intervir ditas comunicaci\u00f3ns.</p>\r\n<p>Agora, Tanner est\u00e1 desaparecido e o seu computador est\u00e1 frito, o cal non \u00e9 de estra\u00f1ar, pois medio FBI e parte da polic\u00eda metropolitana est\u00e1n subornados. Por sorte, pouco antes do golpe, un dos nosos t\u00e9cnicos pasou a Tanner un USB cun programa para executar. Devandito programa, chamado DumpIt, serve para recoller unha imaxe de memoria do equipo. Cando os nosos homes chegaron, o USB estaba no agocho acordado, as\u00ed que quizais os axentes corruptos do FBI non o tocaran. Como era de esperar, al\u00ed hab\u00eda unha imaxe de memoria co \u00faltimo que Tanner executou no computador antes de sa\u00edr. Ademais, como quedaramos, na recepci\u00f3n do hotel de en fronte do seu apartamento deixounos unha nota na cal estaba escrito o c\u00f3digo hash da imaxe creada: a518111a8f288d94fb4fb0069e36a884e1483f72b51b876303b6c7cfcb945715</p>\r\n<h4>Parte 2</h4>\r\n<p>Finalmente uns expertos en hardware lograron rescatar unha imaxe do disco de Tanner. Coa nova informaci\u00f3n adquirida, podemos sacar alg\u00fans datos mais da sua actividade nos \u00faltimos d\u00edas. Os hashes do arquivo son os seguintes:</p>\r\n\r\n- MD5: 8712a3760e8fc801425309852ee1127a ExamenForense.img\r\n- SHA-1: eaa88659a5dd2453527ffee0ccb13447c7223184 ExamenForense.img\r\n- SHA-256: e4216bb636648b7a4188aacef3587c64aabfb05aade76b6070b3ce8d66d4568a ExamenForense.img\r\n\r\n<b>Evidencias aportadas:</b>\r\n- Captura de memoria RAM (DRIVERGAME-20220212-133941.dmp - 2GB).\r\n  - <a href=\"https://drive.google.com/file/d/1JPDaZO9_O38flLWlCYh_o7tXnYK8z81n/view?usp=share_link\" target=\"_blank\">mirror1</a>\r\n  - <a href=\"https://drive.google.com/file/d/1vN3rh1hH1y0WhH5Tnc112GvMES2JKRni/view?usp=share_link\" target=\"_blank\">mirror2</a>\r\n  - <a href=\"https://drive.google.com/file/d/1IAnTFMjqQEtBZue6WOBRjdtGC57EQYX-/view?usp=share_link\" target=\"_blank\">mirror3</a>\r\n- Imaxe disco duro (ExamenForense.img.zip - 7.1GB --> descomprimido 32,0 GB)\r\n  - <a href=\"https://drive.google.com/file/d/1w_KyE2XF8H1N00RAw-4yK-V4medGdFVN/view?usp=share_link\" target=\"_blank\">mirror1</a>\r\n  - <a href=\"https://drive.google.com/file/d/1Z9j7rGjFDyYNvu7DCQUaWlpq0V8qFuSd/view?usp=share_link\" target=\"_blank\">mirror2</a>\r\n  - <a href=\"https://drive.google.com/file/d/1BBsFH_UJdKCvUEZYz4y9sR9FgiVzW5YP/view?usp=share_link\" target=\"_blank\">mirror3</a>\r\n  \r\n---\r\n---\r\n<p>El ex-piloto de carreras John Tanner es ahora un polic\u00eda infiltrado en la Mafia de Nueva York. Su capo, el se\u00f1or Castaldi, planea un golpe de forma inminente. Suponemos que el elegido para llevarlo a cabo es el implacable asesino a sueldo Jean Paul, alias \u201cEl Franc\u00e9s\u201d, y que, como de costumbre, Tanner conducir\u00e1 el coche de la huida. Sin embargo, a\u00fan no sabemos cu\u00e1l es el objetivo.</p>\r\n<p>Lo que s\u00ed sabemos es que Tanner estuvo manteniendo conversaciones con el Sr. Castaldi a trav\u00e9s de una aplicaci\u00f3n de chat. Por desgracia, dicha aplicaci\u00f3n est\u00e1 cifrada con un mecanismo conocido como Double Ratchet, similar al que usan WhatsApp y sus competidores y, por tanto, no hemos podido intervenir dichas comunicaciones.</p>\r\n<p>Ahora, Tanner est\u00e1 desaparecido y su ordenador est\u00e1 frito, lo cual no es de extra\u00f1ar, pues medio FBI y parte de la polic\u00eda metropolitana est\u00e1n sobornados. Por suerte, poco antes del golpe, uno de nuestros t\u00e9cnicos pas\u00f3 a Tanner un USB con un programa para ejecutar. Dicho programa, llamado DumpIt, sirve para recoger una imagen de memoria del equipo. Cuando nuestros hombres llegaron, el USB estaba en el escondrijo acordado, as\u00ed que quiz\u00e1s los agentes corruptos del FBI no lo hayan tocado. Como era de esperar, all\u00ed hab\u00eda una imagen de memoria con lo \u00faltimo que Tanner ejecut\u00f3 en el ordenador antes de salir. Adem\u00e1s, como hab\u00edamos quedado, en la recepci\u00f3n del hotel de enfrente de su apartamento nos dej\u00f3 una nota en la cual estaba escrito el c\u00f3digo hash de la imagen creada: a518111a8f288d94fb4fb0069e36a884e1483f72b51b876303b6c7cfcb945715</p>\r\n<h4>Parte 2</h4>\r\n<p>Finalmente unos expertos en hardware han logrado rescatar una imagen del disco de Tanner. Con la nueva informaci\u00f3n adquirida, podemos sacar algunos datos m\u00e1s de su actividad en los \u00faltimos d\u00edas. Los hashes del archivo son los siguientes:</p>\r\n\r\n- MD5: 8712a3760e8fc801425309852ee1127a ExamenForense.img\r\n- SHA-1: eaa88659a5dd2453527ffee0ccb13447c7223184 ExamenForense.img\r\n- SHA-256: e4216bb636648b7a4188aacef3587c64aabfb05aade76b6070b3ce8d66d4568a ExamenForense.img\r\n\r\n<b>Evidencias aportadas:</b>\r\n- Captura de memoria RAM (DRIVERGAME-20220212-133941.dmp - 2GB).\r\n  - <a href=\"https://drive.google.com/file/d/1JPDaZO9_O38flLWlCYh_o7tXnYK8z81n/view?usp=share_link\" target=\"_blank\">mirror1</a>\r\n  - <a href=\"https://drive.google.com/file/d/1vN3rh1hH1y0WhH5Tnc112GvMES2JKRni/view?usp=share_link\" target=\"_blank\">mirror2</a>\r\n  - <a href=\"https://drive.google.com/file/d/1IAnTFMjqQEtBZue6WOBRjdtGC57EQYX-/view?usp=share_link\" target=\"_blank\">mirror3</a>\r\n- Imagen disco duro (ExamenForense.img.zip - 7.1GB --> descomprimido 32,0 GB)\r\n  - <a href=\"https://drive.google.com/file/d/1w_KyE2XF8H1N00RAw-4yK-V4medGdFVN/view?usp=share_link\" target=\"_blank\">mirror1</a>\r\n  - <a href=\"https://drive.google.com/file/d/1Z9j7rGjFDyYNvu7DCQUaWlpq0V8qFuSd/view?usp=share_link\" target=\"_blank\">mirror2</a>\r\n  - <a href=\"https://drive.google.com/file/d/1BBsFH_UJdKCvUEZYz4y9sR9FgiVzW5YP/view?usp=share_link\" target=\"_blank\">mirror3</a>\r\n\r\n<br>\r\n<h2 class=\"text-center\">\r\n  <p> </p>\r\n    <p><a href=\"https://www.iessanclemente.net/\" target=\"_blank\">IES San Clemente</a> - <a href=\"https://www.cifprodolfoucha.es/\"  target=\"_blank\">CIFP Rodolfo Ucha Pi\u00f1eiro</a></p>\r\n</h2>\r\n<br>\r\n<table align=\"center\" cellspacing=\"50\">\r\n<tr>\r\n    <td><a href=\"https://www.edu.xunta.gal/\" target=\"_blank\"><img class=\"w-100 mx-auto d-block\" style=\"max-width: 250px;padding: 5px;\" src=\"/files/92b8e91a19738d45564cc8c38c7453a7/logo_xunta_positivo.png\" /></a></td>\r\n    <td><a href=\"https://www.edu.xunta.gal/fp/convocatoria-innovacion-2022\" target=\"_blank\"><img class=\"w-100 mx-auto d-block\" style=\"max-width: 250px;padding: 5px;\" src=\"/files/2d1f8f737672c526021d7f41b6a28622/composicion_formacion_profesional_innova.png\" /></a></td>\r\n</tr>\r\n</table>\r\n      <p> </p>\r\n      <h6>Actividade desenvolvida dentro do proxecto \"Plataforma de retos de ciberseguridade. A gamificaci\u00f3n no proceso de adquisici\u00f3n de competencias no \u00e1mbito da ciberseguridade\", financiado na convocatoria de premios para o desenvolvemento de proxectos de innovaci\u00f3n na FP do ano 2022.</h6>","draft":0,"hidden":0,"auth_required":0,"format":"markdown"}],"meta":{}}