{"count":7,"results":[{"id":2,"type":"page","location":"6687ee0328271c73a99ca098d685fb6c/log4shell.png","challenge_id":null,"page_id":null},{"id":3,"type":"page","location":"c2e4510382f84607f5322dd6ec6da07d/destacados_fp_innova_branco.png","challenge_id":null,"page_id":null},{"id":4,"type":"page","location":"54cd649e34973630a969cd2a35740813/Apache_Log4j_Logo.png","challenge_id":null,"page_id":null},{"id":5,"type":"challenge","location":"c503a76eaee0eadd0bcbe2ad70735763/log4j.pcapng","challenge_id":271,"page_id":null},{"id":6,"type":"challenge","location":"748e08e5ee2b959bae3586eb5b93cb12/postexplotacion_log4j.pcapng","challenge_id":272,"page_id":null},{"id":7,"type":"page","location":"92b8e91a19738d45564cc8c38c7453a7/logo_xunta_positivo.png","challenge_id":null,"page_id":null},{"id":8,"type":"page","location":"2d1f8f737672c526021d7f41b6a28622/composicion_formacion_profesional_innova.png","challenge_id":null,"page_id":null}],"meta":{}}