{"count":59,"results":[{"id":278,"challenge_id":231,"type":"static","content":"9727","data":null},{"id":279,"challenge_id":232,"type":"static","content":"2021-12-16 19:13:08","data":null},{"id":280,"challenge_id":233,"type":"static","content":"00:01:39","data":null},{"id":281,"challenge_id":234,"type":"static","content":"02:f7:58:a8:7c:ff","data":"case_insensitive"},{"id":282,"challenge_id":235,"type":"static","content":"REVISAR","data":null},{"id":283,"challenge_id":236,"type":"static","content":"REVISAR","data":null},{"id":284,"challenge_id":237,"type":"static","content":"http","data":"case_insensitive"},{"id":285,"challenge_id":238,"type":"static","content":"3","data":null},{"id":286,"challenge_id":239,"type":"static","content":"10.10.128.136","data":null},{"id":287,"challenge_id":240,"type":"static","content":"1","data":null},{"id":288,"challenge_id":241,"type":"static","content":"2","data":null},{"id":289,"challenge_id":242,"type":"static","content":"1","data":null},{"id":290,"challenge_id":243,"type":"static","content":"10.10.4.64","data":null},{"id":291,"challenge_id":244,"type":"static","content":"10.10.128.136:1389","data":null},{"id":292,"challenge_id":245,"type":"static","content":"17","data":null},{"id":293,"challenge_id":246,"type":"static","content":"6","data":null},{"id":294,"challenge_id":247,"type":"static","content":"2087","data":null},{"id":295,"challenge_id":248,"type":"static","content":"http://10.10.128.136:8000/","data":null},{"id":296,"challenge_id":248,"type":"static","content":"http://10.10.128.136:8000","data":""},{"id":297,"challenge_id":249,"type":"static","content":"Java/1.8.0_181","data":"case_insensitive"},{"id":298,"challenge_id":250,"type":"static","content":"SimpleHTTP/0.6 Python/3.6.9","data":"case_insensitive"},{"id":299,"challenge_id":251,"type":"static","content":"reverse shell","data":"case_insensitive"},{"id":300,"challenge_id":252,"type":"static","content":"10.10.128.136:9999","data":null},{"id":301,"challenge_id":253,"type":"static","content":"19","data":null},{"id":302,"challenge_id":254,"type":"static","content":"whoami","data":"case_insensitive"},{"id":303,"challenge_id":255,"type":"static","content":"2800","data":null},{"id":304,"challenge_id":256,"type":"static","content":"solr","data":"case_insensitive"},{"id":305,"challenge_id":257,"type":"static","content":"/opt/solr/server","data":"case_insensitive"},{"id":306,"challenge_id":257,"type":"static","content":"/opt/solr/server/","data":"case_insensitive"},{"id":307,"challenge_id":258,"type":"static","content":"fe80::78:e3ff:fe3a:7563/64","data":"case_insensitive"},{"id":308,"challenge_id":259,"type":"static","content":"10","data":""},{"id":309,"challenge_id":260,"type":"static","content":"3","data":null},{"id":310,"challenge_id":261,"type":"static","content":"1","data":""},{"id":311,"challenge_id":262,"type":"static","content":"172.45.176.1","data":null},{"id":312,"challenge_id":263,"type":"static","content":"linpeas.sh","data":"case_insensitive"},{"id":313,"challenge_id":264,"type":"static","content":"5.4.0-81-generic","data":null},{"id":314,"challenge_id":265,"type":"static","content":"Ubuntu 20.04.3","data":"case_insensitive"},{"id":315,"challenge_id":266,"type":"static","content":"/var/solr/backup.sh","data":null},{"id":316,"challenge_id":267,"type":"static","content":"CVE-2021-4034","data":"case_insensitive"},{"id":317,"challenge_id":268,"type":"static","content":"T1098.004","data":"case_insensitive"},{"id":318,"challenge_id":269,"type":"static","content":"8448","data":null},{"id":319,"challenge_id":270,"type":"static","content":"3","data":""},{"id":320,"challenge_id":234,"type":"static","content":"02.f7.58.a8.7c.ff","data":"case_insensitive"},{"id":321,"challenge_id":234,"type":"static","content":"02-f7-58-a8-7c-ff","data":"case_insensitive"},{"id":322,"challenge_id":238,"type":"static","content":"tres","data":"case_insensitive"},{"id":323,"challenge_id":241,"type":"static","content":"dos","data":"case_insensitive"},{"id":324,"challenge_id":241,"type":"static","content":"dous","data":"case_insensitive"},{"id":325,"challenge_id":242,"type":"static","content":"una","data":"case_insensitive"},{"id":326,"challenge_id":242,"type":"static","content":"unha","data":"case_insensitive"},{"id":327,"challenge_id":246,"type":"static","content":"seis","data":"case_insensitive"},{"id":330,"challenge_id":260,"type":"static","content":"tres","data":"case_insensitive"},{"id":331,"challenge_id":261,"type":"static","content":"un","data":"case_insensitive"},{"id":332,"challenge_id":261,"type":"static","content":"uno","data":"case_insensitive"},{"id":333,"challenge_id":263,"type":"static","content":"linpeas","data":"case_insensitive"},{"id":334,"challenge_id":270,"type":"static","content":"tres","data":"case_insensitive"},{"id":335,"challenge_id":271,"type":"static","content":"OK","data":"case_insensitive"},{"id":336,"challenge_id":272,"type":"static","content":"OK","data":""},{"id":337,"challenge_id":240,"type":"static","content":"un","data":"case_insensitive"},{"id":338,"challenge_id":240,"type":"static","content":"uno","data":"case_insensitive"}],"meta":{}}