{"count":44,"results":[{"id":231,"name":"N\u00ba de paquetes","description":"**Cantos paquetes ten a captura?**\r\n\r\n------\r\n\r\n\u00bfCu\u00e1ntos paquetes tiene la captura?","max_attempts":0,"value":50,"category":"Exfiltraci\u00f3n","type":"standard","state":"visible","requirements":null,"connection_info":null,"next_id":null},{"id":232,"name":"Inicio captura","description":"**A que hora capturouse o primeiro paquete?.** \r\n\r\nNOTA: tempo UTC e formato de resposta:  aaaa-mm-dd  hh:mm: ss\r\n\r\n------\r\n\r\n\u00bfA qu\u00e9 hora se captur\u00f3 el primer paquete?. \r\n\r\nNOTA: tiempo UTC y formato de respuesta: aaaa-mm-dd hh:mm:ss","max_attempts":0,"value":50,"category":"Exfiltraci\u00f3n","type":"standard","state":"visible","requirements":null,"connection_info":null,"next_id":null},{"id":233,"name":"Duraci\u00f3n captura","description":"**Duraci\u00f3n da captura?.**\r\n\r\nFormato: hh:mm:ss\r\n\r\n------\r\n\r\n\u00bfDuraci\u00f3n de la captura?.\r\n\r\nFormato: hh:mm:ss","max_attempts":0,"value":50,"category":"Exfiltraci\u00f3n","type":"standard","state":"visible","requirements":null,"connection_info":null,"next_id":null},{"id":234,"name":"Equipo mais activo a L2","description":"**Cal \u00e9 o equipo m\u00e1is activo a nivel de enlace?.**\r\n\r\nFormato: xx:xx:xx:xx:xx:xx\r\n\r\n------\r\n\r\n\u00bfCu\u00e1l es el equipo m\u00e1s activo a nivel de enlace?.\r\n\r\nFormato: xx:xx:xx:xx:xx:xx","max_attempts":2,"value":50,"category":"Exfiltraci\u00f3n","type":"standard","state":"visible","requirements":null,"connection_info":null,"next_id":null},{"id":235,"name":"Fabricante NIC","description":"**Fabricante da  NIC do segundo equipo m\u00e1is activo a nivel de enlace**\r\n\r\nFormato: A.... C....... C...\r\n\r\n------\r\n\r\nFabricante de la NIC del **segundo** equipo m\u00e1s activo a nivel de enlace\r\n\r\nFormato: A.... C....... C...","max_attempts":0,"value":50,"category":"Exfiltraci\u00f3n","type":"standard","state":"visible","requirements":null,"connection_info":null,"next_id":null},{"id":236,"name":"Sede","description":"**Pa\u00eds onde est\u00e1 o cuartel xeral do fabricante da NIC do segundo equipo m\u00e1is activo a nivel de enlace**\r\n\r\n------\r\n\r\nPa\u00eds donde est\u00e1 el cuartel general del fabricante de la NIC del **segundo** equipo m\u00e1s activo a nivel de enlace","max_attempts":0,"value":50,"category":"Exfiltraci\u00f3n","type":"standard","state":"visible","requirements":null,"connection_info":null,"next_id":null},{"id":237,"name":"Protocolo mais activo a L7","description":"**Tendo en conta o modelo TCP/IP, Que protocolo de nivel de aplicaci\u00f3n da captura \u00e9 o m\u00e1is activo?**\r\n\r\nFormato: nome do protocolo (siglas do protocolo)\r\n\r\n------\r\n\r\nTeniendo en cuenta el modelo TCP/IP, \u00bfQu\u00e9 protocolo de nivel de aplicaci\u00f3n de la captura es el m\u00e1s activo?\r\n\r\nFormato: nombre del protocolo (siglas del protocolo)","max_attempts":0,"value":50,"category":"Exfiltraci\u00f3n","type":"standard","state":"visible","requirements":null,"connection_info":null,"next_id":null},{"id":238,"name":"N\u00ba equipos da organizaci\u00f3n","description":"**A organizaci\u00f3n traballa con direccionamento privado. Cantos equipos da organizaci\u00f3n interve\u00f1en na captura?.**\r\n\r\n------\r\n\r\nLa organizaci\u00f3n trabaja con direccionamiento privado. \u00bfCu\u00e1ntos equipos de la organizaci\u00f3n intervienen en la captura?.","max_attempts":3,"value":75,"category":"Exfiltraci\u00f3n","type":"standard","state":"visible","requirements":null,"connection_info":null,"next_id":null},{"id":239,"name":"Equipo mais activo a L3","description":"**Equipo mais activo a nivel de rede?.**\r\n\r\nFormato: x.x.x.x <-- indica a IP\r\n\r\n------\r\n\r\n\u00bfEquipo m\u00e1s activo a nivel de red?.\r\n\r\nFormato: x.x.x.x <-- indica la IP","max_attempts":0,"value":75,"category":"Exfiltraci\u00f3n","type":"standard","state":"visible","requirements":null,"connection_info":null,"next_id":null},{"id":240,"name":"Paquetes dende Espa\u00f1a","description":"**Cantos paquetes te\u00f1en orixe Espa\u00f1a?**\r\n\r\nFormato: n\u00famero de paquetes (p.e. 131)\r\n\r\n------\r\n\r\n\u00bfCu\u00e1ntos paquetes tienen origen Espa\u00f1a?\r\n\r\nFormato: n\u00famero de paquetes (p.e. 131)","max_attempts":3,"value":100,"category":"Exfiltraci\u00f3n","type":"standard","state":"visible","requirements":null,"connection_info":null,"next_id":null},{"id":241,"name":"Equipos de Google","description":"**Cantos equipos usan  IPs de Google?**\r\n\r\nFormato: n\u00famero de equipos (p.e. 131)\r\n\r\n------\r\n\r\n\u00bfCu\u00e1ntos equipos usan IPs de Google?\r\n\r\nFormato: n\u00famero de equipos (p.e. 131)","max_attempts":3,"value":100,"category":"Exfiltraci\u00f3n","type":"standard","state":"visible","requirements":null,"connection_info":null,"next_id":null},{"id":254,"name":"\u00bfPrimeiro comando?","description":"**Parece ser que o equipo 192.168.1.36 est\u00e1 implicado nalg\u00fan incidente. Cal foi o primeiro comando executado polo asaltante no equipo v\u00edtima mediante  shell?**\r\n\r\n------\r\n\r\nParece ser que el equipo 192.168.1.36 est\u00e1 implicado en alg\u00fan incidente. \u00bfCu\u00e1l fue el primer comando ejecutado por el asaltante en el equipo v\u00edctima mediante la shell?","max_attempts":0,"value":200,"category":"Exfiltraci\u00f3n","type":"standard","state":"visible","requirements":null,"connection_info":null,"next_id":null},{"id":255,"name":"Paquete do primeiro comando","description":"**N\u00ba do paquete no que viaxa o primeiro comando executado polo asaltante no equipo v\u00edtima mediante a shell**\r\n\r\n------\r\n\r\nN\u00ba del paquete en el que viaja el primer comando ejecutado por el asaltante en el equipo v\u00edctima mediante la shell","max_attempts":0,"value":200,"category":"Exfiltraci\u00f3n","type":"standard","state":"visible","requirements":null,"connection_info":null,"next_id":null},{"id":256,"name":"Usuario no sistema v\u00edtima","description":"**Con que usuario logrou acceder o atacante no equipo v\u00edtima?**\r\n\r\n------\r\n\r\n\u00bfCon qu\u00e9 usuario logr\u00f3 acceder el atacante en el equipo v\u00edctima?","max_attempts":0,"value":200,"category":"Exfiltraci\u00f3n","type":"standard","state":"visible","requirements":null,"connection_info":null,"next_id":null},{"id":257,"name":"Contrasinal","description":"**Contrasinal do usuario co que logrou acceder o atacante no equipo v\u00edtima?**\r\n\r\n------\r\n\r\n\u00bfContrase\u00f1a del usuario con el que logr\u00f3 acceder el atacante en el equipo v\u00edctima?","max_attempts":0,"value":200,"category":"Exfiltraci\u00f3n","type":"standard","state":"visible","requirements":null,"connection_info":null,"next_id":null},{"id":258,"name":"Bind - Reverse Shell","description":"**Esta conexi\u00f3n corresp\u00f3ndese cunha bind shell ou cunha reverse shell?**\r\n\r\nFormato: indicar *bind shell* ou *reverse shell* segundo corresponda\r\n\r\n------\r\n\r\n\u00bfEsta conexi\u00f3n se correspondes con una bind shell o una reverse shell?\r\n\r\nFormato: indicar *bind shell* o *reverse shell* seg\u00fan corresponda","max_attempts":1,"value":200,"category":"Exfiltraci\u00f3n","type":"standard","state":"visible","requirements":null,"connection_info":null,"next_id":null},{"id":259,"name":"Fugas","description":"**O atacante roubou alg\u00fans arquivos do equipo 192.168.1.36. Recupera o pdf roubado e indica cal \u00e9 o primeiro comando que aparece na secci\u00f3n Networking dese documento**\r\n\r\nFormato: n......... s.....\r\n\r\n\r\n------\r\n\r\nEl atacante rob\u00f3 algunos archivos del equipo 192.168.1.36. Recupera el pdf robado e indica cu\u00e1l es el primer comando que aparece en la secci\u00f3n Networking de ese documento\r\n\r\nFormato: n......... s.....","max_attempts":0,"value":210,"category":"Exfiltraci\u00f3n","type":"standard","state":"visible","requirements":null,"connection_info":null,"next_id":null},{"id":260,"name":"XMP Toolkit","description":"**XMP Toolkit do pdf recuperado?**\r\n\r\nFormato: Adobe XMP Core X.X-xxxx\r\n\r\n------\r\n\r\n\u00bfXMP Toolkit del pdf recuperado?\r\n\r\nFormato: Adobe XMP Core X.X-xxxx","max_attempts":0,"value":210,"category":"Exfiltraci\u00f3n","type":"standard","state":"visible","requirements":null,"connection_info":null,"next_id":null},{"id":261,"name":"Chamando a casa","description":"**Sosp\u00e9itase que o atacante estableceu un mecanismo de persistencia usando algunha das subt\u00e9cnicas da t\u00e9cnica [T1053 - Scheduled Task/Job](https://attack.mitre.org/techniques/T1053/) da [matriz Mitre ATT&CK](https://attack.mitre.org/). Cada cantos minutos contacta o equipo v\u00edtima co equipo atacante?**\r\n\r\nFormato: n\u00ba de minutos (p.e. *10*)\r\n\r\n------\r\n\r\nSe sospecha que el atacante ha establecido un mecanismo de persistencia usando alguna de las subt\u00e9cnicas de la t\u00e9cnica [T1053 - Scheduled Task/Job](https://attack.mitre.org/techniques/T1053/)  de la [matriz Mitre ATT&CK](https://attack.mitre.org/) \u00bfCada cu\u00e1ntos minutos contacta el equipo v\u00edctima con el equipo atacante?\r\n\r\nFormato: n\u00ba de minutos (p.e. *10*)","max_attempts":5,"value":150,"category":"Postexplotaci\u00f3n","type":"standard","state":"visible","requirements":null,"connection_info":null,"next_id":null},{"id":262,"name":"Atacante","description":"**Cal \u00e9 a IP do equipo do atacante ao que chama a v\u00edtima regularmente?**\r\n\r\n------\r\n\r\n\u00bfCu\u00e1l es la IP del equipo del atacante al que llama la v\u00edctima regularmente?","max_attempts":0,"value":150,"category":"Postexplotaci\u00f3n","type":"standard","state":"visible","requirements":null,"connection_info":null,"next_id":null},{"id":263,"name":"Enumerar: preparando a elevaci\u00f3n de privilexios","description":"**Que ferramenta ou script de enumeraci\u00f3n empregou o atacante?**\r\n\r\nFormato: nome da ferramenta ou script\r\n\r\n------\r\n\r\n\u00bfQu\u00e9 herramienta o script de enumeraci\u00f3n ha empleado el atacante?\r\n\r\nFormato: nombre de la herramienta o script","max_attempts":0,"value":155,"category":"Postexplotaci\u00f3n","type":"standard","state":"visible","requirements":null,"connection_info":null,"next_id":null},{"id":264,"name":"Kernel","description":"**Cal \u00e9 a versi\u00f3n do  kernel da m\u00e1quina v\u00edtima?**\r\n\r\nFormato: x.x.x- xx- generic\r\n\r\n------\r\n\r\n\u00bfCu\u00e1l es la versi\u00f3n del kernel de la m\u00e1quina v\u00edctima?\r\n\r\nFormato: x.x.x-xx-generic","max_attempts":0,"value":155,"category":"Postexplotaci\u00f3n","type":"standard","state":"visible","requirements":null,"connection_info":null,"next_id":null},{"id":265,"name":"Linux","description":"**Que distribuci\u00f3n Linux e versi\u00f3n est\u00e1 a correr a m\u00e1quina v\u00edtima?**\r\n\r\nFormato: nome xx.xx.x\r\n\r\n------\r\n\r\n\u00bfQu\u00e9 distribuci\u00f3n Linux y versi\u00f3n est\u00e1 corriendo la m\u00e1quina v\u00edctima?\r\n\r\nFormato: nombre xx.xx.x","max_attempts":0,"value":155,"category":"Postexplotaci\u00f3n","type":"standard","state":"visible","requirements":null,"connection_info":null,"next_id":null},{"id":266,"name":"Persistencia como solr","description":"**Como se chama o programa/script que se executa para lograr a persistencia como usuario  solr? Indica a ruta completa**\r\n\r\nFormato: /xxx/xxxx/xxxxxx.xx\r\n\r\n------\r\n\r\n\u00bfC\u00f3mo se llama el programa/script que se ejecuta para lograr la persistencia como usuario solr? Indica la ruta completa\r\n\r\nFormato: /xxx/xxxx/xxxxxx.xx","max_attempts":0,"value":200,"category":"Postexplotaci\u00f3n","type":"standard","state":"visible","requirements":null,"connection_info":null,"next_id":null},{"id":267,"name":"Game Over","description":"**Que vulnerabilidade aproveita o atacante para promocionar a  root?**\r\n\r\nFormato:  CVE- XXXX- XXXX\r\n\r\n------\r\n\r\n\u00bfQu\u00e9 vulnerabilidad aprovecha el atacante para promocionar a root?\r\n\r\nFormato: CVE-XXXX-XXXX","max_attempts":0,"value":250,"category":"Postexplotaci\u00f3n","type":"standard","state":"visible","requirements":null,"connection_info":null,"next_id":null},{"id":268,"name":"Persistencia como root","description":"**Que t\u00e9cnica de persistencia usa o atacante unha vez que conseguiu promocionar a  root?**\r\n\r\nFormato:  Txxxx.xxx <-- indica o ID da subt\u00e9cnica segundo a [matriz  MITRE  ATT& CK](https://attack.mitre.org/)\r\n\r\n------\r\n\r\n\u00bfQu\u00e9 t\u00e9cnica de persistencia usa el atacante una vez que ha conseguido promocionar a root?\r\n\r\nFormato:  Txxxx.xxx <--  indica el ID de la subt\u00e9cnica seg\u00fan la [matriz MITRE ATT&CK](https://attack.mitre.org/)","max_attempts":0,"value":250,"category":"Postexplotaci\u00f3n","type":"standard","state":"visible","requirements":null,"connection_info":null,"next_id":null},{"id":269,"name":"Acceso remoto","description":"**Indica o  n.\u00ba de paquete no que se inicia unha conexi\u00f3n  ssh cara \u00e1 v\u00edtima desde unha IP da organizaci\u00f3n do atacante**\r\n\r\n------ \r\n\r\nIndica el n.\u00ba de paquete en el que se inicia una conexi\u00f3n ssh hacia la v\u00edctima desde una IP de la organizaci\u00f3n del atacante","max_attempts":0,"value":250,"category":"Postexplotaci\u00f3n","type":"standard","state":"visible","requirements":null,"connection_info":null,"next_id":null},{"id":270,"name":"Usuarios de bash","description":"**Cantos usuarios do sistema v\u00edtima te\u00f1en como  shell /bin/bash?**\r\n\r\n------\r\n\r\n\u00bfCu\u00e1ntos usuarios del sistema v\u00edctima tienen como shell /bin/bash?\r\n","max_attempts":3,"value":200,"category":"Postexplotaci\u00f3n","type":"standard","state":"visible","requirements":null,"connection_info":null,"next_id":null},{"id":271,"name":"Intro Exfiltraci\u00f3n","description":"**Como analista do SOC (Security Operations Center) investiga o tr\u00e1fico de rede para determinar se houbo incidentes na t\u00faa organizaci\u00f3n. Usa os teus co\u00f1ecementos de Wireshark, analiza o arquivo de captura exfiltracion.pcapng e resposta \u00e1s seguintes cuesti\u00f3ns.**\r\n\r\n**Unha vez descargado o arquivo exfiltracion.pcapng, indica como resposta OK e pasa \u00e1 seguinte pregunta.**\r\n\r\n----\r\n\r\nComo analista del SOC (Security Operations Center) investiga el tr\u00e1fico de red para determinar si hubo incidentes en tu organizaci\u00f3n. Usa tus conocimientos de Wireshark, analiza el archivo de captura exfiltracion.pcapng y constesta a las siguientes preguntas.\r\n\r\nUna vez descargado el archivo exfiltracion.pcapng, marca como respuesta OK y pasa a la siguiente pregunta.","max_attempts":0,"value":25,"category":"Exfiltraci\u00f3n","type":"standard","state":"visible","requirements":null,"connection_info":null,"next_id":null},{"id":272,"name":"Intro postexplotaci\u00f3n","description":"**Sabemos que o equipo 10.10.4.64 est\u00e1 implicado nun incidente relacionado coa vulnerabilidade CVE-2021-44228 que permite a execuci\u00f3n remota de c\u00f3digo. O teu traballo \u00e9 abrir o arquivo postexplotacion_CVE-2021-44228.pcapng e continuar a investigaci\u00f3n para descubrir que acci\u00f3ns realizou o adversario.**\r\n\r\n**Unha vez descargado o arquivo postexplotacion_CVE-2021-44228, indica como resposta OK e pasa \u00e1 seguinte pregunta.**\r\n\r\n----\r\n\r\nSabemos que el equipo 10.10.4.64 est\u00e1 implicado en un incidente relacionado con la vulnerabilidad CVE-2021-44228 que permite la ejecuci\u00f3n remota de c\u00f3digo. Tu trabajo es abrir el archivo postexplotacion_CVE-2021-44228.pcapng y continuar la investigaci\u00f3n para descubrir que acciones realiz\u00f3 el adversario.\r\n\r\nUna vez descargado el archivo postexplotacion_CVE-2021-44228, indica como respuesta OK y pasa a la siguiente pregunta.","max_attempts":0,"value":0,"category":"Postexplotaci\u00f3n","type":"standard","state":"visible","requirements":null,"connection_info":null,"next_id":null},{"id":273,"name":"MITRE ATTA&CK","description":"**Vai \u00e1 p\u00e1xina web de MITRE ATT&CK** \r\n\r\n**Unha vez na web de MITRE ATT&CK, marca como resposta OK e pasa \u00e1 seguinte pregunta.**\r\n\r\n------\r\n\r\nVe a la p\u00e1gina web de MITRE ATT&CK.\r\n\r\nUna vez en la web de MITRE ATT&CK, marca como respuesta OK y pasa a la siguiente pregunta.","max_attempts":0,"value":5,"category":"Ciberintelixencia","type":"standard","state":"visible","requirements":null,"connection_info":null,"next_id":null},{"id":274,"name":"MITRE ATTA&CK -  de acampada","description":"**O framework ten unha lista de 19 t\u00e9cnicas baixo a t\u00e1ctica que busca manter o acceso nos teus sistemas. Cal \u00e9 o ID da t\u00e1ctica?**\r\n\r\nFormato: n\u00ba de ID (p.e. TA2222)\r\n\r\n------\r\n\r\nEl framework tiene una lista de 19 t\u00e9cnicas bajo la t\u00e1ctica que busca mantener el acceso en tus sistemas. \u00bfCu\u00e1l es el ID de la t\u00e1ctica?\r\n\r\nFormato: n\u00ba de ID (p.e. TA2222)","max_attempts":3,"value":10,"category":"Ciberintelixencia","type":"standard","state":"visible","requirements":null,"connection_info":null,"next_id":null},{"id":275,"name":"MITRE ATTA&CK -  ladr\u00f3n","description":"**Cantas t\u00e9cnicas caen baixo a t\u00e1ctica que empregan os adversarios para roubar datos da t\u00faa rede?**\r\n\r\nFormato: n\u00famero (p.e. 5)\r\n\r\n------\r\n\r\n\u00bfCu\u00e1ntas t\u00e9cnicas caen bajo la t\u00e1ctica que emplean los adversarios para robar datos de tu red?\r\n\r\nFormato: n\u00famero (p.e. 5)","max_attempts":3,"value":10,"category":"Ciberintelixencia","type":"standard","state":"visible","requirements":null,"connection_info":null,"next_id":null},{"id":276,"name":"MITRE ATTA&CK -  sqlmap","description":"**Os teus sistemas de monitorizaci\u00f3n alertan da execuci\u00f3n do software sqlmap. Atendendo ao mostrado na matriz MITRE, en que fase do ataque (t\u00e9cnica) at\u00f3pase o atacante que executou o comando?**\r\n\r\nFormato: ID (p.e. T2222)\r\n\r\n------\r\n\r\nTus sistemas de monitorizaci\u00f3n alertan de la ejecuci\u00f3n del software sqlmap. Atendiendo a lo mostrado en la matriz MITRE, \u00bfen qu\u00e9 fase del ataque (t\u00e9cnica) se encuentra el atacante que ejecut\u00f3 el comando?\r\n\r\nFormato: ID (p.e. T2222)","max_attempts":3,"value":15,"category":"Ciberintelixencia","type":"standard","state":"visible","requirements":null,"connection_info":null,"next_id":null},{"id":277,"name":"MITRE ATTA&CK -  port 1058","description":"**Analizando logs atopas entradas asociadas ao porto 1058. De que grupo APT p\u00f3dese tratar?**\r\n\r\nFormato: nome do grupo (p.e. Iron Maiden)\r\n\r\n------\r\n\r\nAnalizando logs encuentras entradas asociadas al puerto 1058. \u00bfDe qu\u00e9 grupo APT se puede tratar?\r\n\r\nFormato: nombre del grupo (p.e. Iron Maiden)","max_attempts":0,"value":60,"category":"Ciberintelixencia","type":"standard","state":"visible","requirements":null,"connection_info":null,"next_id":null},{"id":278,"name":"MITRE ATTA&CK -  mitigando, mitigando, ...","description":"**Sosp\u00e9itase que grupo *Sandworm Team* atacou en 2015 e 2016 compa\u00f1\u00edas el\u00e9ctricas e organismos do goberno de Ucra\u00edna.Ademais, crese que \u00e9 o responsable do 'deface' duns 15.000 sitios web do goberno xeorxiano. Que acci\u00f3n de mitigaci\u00f3n recomenda MITRE para este \u00faltimo tipo de ataque?**\r\n\r\nFormato: nome da t\u00e9cnica de mitigaci\u00f3n (p.e. Network Segmentation)\r\n\r\n------\r\n\r\nSe sospecha que grupo *Sandworm Team* atac\u00f3 en 2015 y 2016 compa\u00f1\u00edas el\u00e9ctricas y organismos del gobierno de Ucrania. Adem\u00e1s, se cree que es el responsable del 'deface' de unos 15.000 sitios web del gobierno georgiano. \u00bfQu\u00e9 acci\u00f3n de mitigaci\u00f3n recomienda MITRE para este \u00faltimo tipo de ataque?\r\n\r\nFormato: nombre de la t\u00e9cnica de mitigaci\u00f3n (p.e. Network Segmentation)","max_attempts":0,"value":60,"category":"Ciberintelixencia","type":"standard","state":"visible","requirements":null,"connection_info":null,"next_id":null},{"id":279,"name":"MITRE ATTA&CK -  hosting","description":"**Entre novembro de 2019 e xaneiro de 2021 lanzouse unha campa\u00f1a contra empresas metal\u00farxicas de pa\u00edses suramericanos, onde os adversarios enviaron correos electr\u00f3nicos de phishing que inclu\u00edan un documento PDF, que nalg\u00fans casos levou \u00e1 descarga e execuci\u00f3n de malware. Dei un dos servizos de aloxamento lex\u00edtimos usados para aloxar ese malware?**\r\n\r\nFormato: nome dun dos servizos de aloxamento (p.e. Megaupload)\r\n\r\n------\r\n\r\nEntre noviembre de 2019 y enero de 2021 se lanz\u00f3 una campa\u00f1a contra empresas metal\u00fargicas de pa\u00edses sudamericanos, donde los adversarios enviaron correos electr\u00f3nicos de phishing que inclu\u00edan un documento PDF, que en algunos casos llev\u00f3 a la descarga y ejecuci\u00f3n de malware. \u00bfDi uno de los servicios de hosting leg\u00edtimos usados para alojar ese malware?\r\n\r\nFormato: nombre de uno de los servicios de hosting (p.e. Megaupload)\r\n","max_attempts":0,"value":60,"category":"Ciberintelixencia","type":"standard","state":"visible","requirements":null,"connection_info":null,"next_id":null},{"id":280,"name":"MITRE ATTA&CK -  oseznos de Rusia","description":"**Os grupos APT28, APT29, Dragonfly e Ember Bean crese que est\u00e1n financiados por Rusia. Valor\u00e1ndoos en conxunto, que t\u00e9cnica de mitigaci\u00f3n prop\u00f3n MITRE para loitar contra a t\u00e9cnica de C2C m\u00e1is empregada por estes grupos?**\r\n\r\nFormato: ID da t\u00e9cnica de Mitigaci\u00f3n (p.e. M2222)\r\n\r\n------\r\n\r\nLos grupos APT28, APT29, Dragonfly y Ember Bean se cree que est\u00e1n financiados por Rusia. Valor\u00e1ndolos en conjunto, \u00bfqu\u00e9 t\u00e9cnica de mitigaci\u00f3n propone MITRE para luchar contra la t\u00e9cnica de C2C m\u00e1s empleada por estos grupos?\r\n\r\nFormato: ID de la t\u00e9cnica de Mitigaci\u00f3n (p.e. M2222)","max_attempts":0,"value":80,"category":"Ciberintelixencia","type":"standard","state":"visible","requirements":null,"connection_info":null,"next_id":null},{"id":281,"name":"MITRE ATTA&CK -  desde Rusia con amor","description":"**Seguindo cos APTs ruso e centr\u00e1ndonos na t\u00e9cnica m\u00e1is empregada por estes grupos para lograr credenciais de acceso. Que software empregou o APT39 para obter credenciais?**\r\n\r\nFormato: Nome da ferramenta (p.e. revelator)\r\n\r\n------\r\n\r\nSiguiendo con APTs rusos y centr\u00e1ndonos en la t\u00e9cnica m\u00e1s empleada por estos grupos para lograr credenciales de acceso \u00bfQu\u00e9 software ha empleado el APT39 para obtener credenciales?\r\n\r\nFormato: Nombre de la herramienta (p.e. revelator)","max_attempts":0,"value":80,"category":"Ciberintelixencia","type":"standard","state":"visible","requirements":null,"connection_info":null,"next_id":null},{"id":282,"name":"Mimetismo","description":"**O intruso crea o directorio *lu2910312cgb.tmp/* imitando un directorio lex\u00edtimo para pasar desapercibido. Cal \u00e9 o ID desta subt\u00e9cnica seg\u00fan MITRE ATT&CK?**\r\n\r\nFormato: Txxxx.xxx <-- indica o ID da subt\u00e9cnica segundo a matriz MITRE ATT&CK\r\n\r\n------\r\nEl intruso crea el directorio *lu2910312cgb.tmp/* imitando un directorio leg\u00edtimo para pasar desapercibido. \u00bfCu\u00e1l es el ID de esta subt\u00e9cnica seg\u00fan MITRE ATT&CK?\r\n\r\nFormato: Txxxx.xxx <-- indica el ID de laa subt\u00e9cnica seg\u00fan la matriz MITRE ATT&CK","max_attempts":0,"value":150,"category":"Postexplotaci\u00f3n","type":"standard","state":"visible","requirements":null,"connection_info":null,"next_id":null},{"id":283,"name":"Bases de datos","description":"**Indica o nome e versi\u00f3n do sistema xxestor de base de datos instalado no equipo v\u00edtima**\r\n\r\nFormato: Nome x.x.xx (p.e. Caixa 1.1.11)\r\n\r\n------\r\nIndica el nombre y versi\u00f3n del sistema gestor de base de datos instalado en el equipo v\u00edctima\r\n\r\nFormato: Nombre x.x.xx (p.e. Caixa 1.1.11)","max_attempts":0,"value":155,"category":"Postexplotaci\u00f3n","type":"standard","state":"visible","requirements":null,"connection_info":null,"next_id":null},{"id":284,"name":"Living Off The Land","description":"**Nome dos programas que instalar\u00e1 o script roubado da m\u00e1quina 192.168.1.36**\r\n\r\nFormato: nome1, nome2 (orde alfab\u00e9tico)\r\n\r\n------\r\nNombre de los programas que instalar\u00e1 el script robado de la m\u00e1quina 192.168.1.36\r\n\r\nFormato: nombre1, nombre2 (orde alfab\u00e9tico)","max_attempts":0,"value":210,"category":"Exfiltraci\u00f3n","type":"standard","state":"visible","requirements":null,"connection_info":null,"next_id":null},{"id":285,"name":"A cabeza non para","description":"**Report\u00e1ronse mais incidentes e hai sospeitas de que o asaltante estableceu unha canle de mando e control empregando a t\u00e9cnica *T1095 - Non-Application Layer Protocol*. Sabendo que nesta ocasi\u00f3n o adversario descartou o uso do protocolo TCP,  en qu\u00e9 carpeta da nova v\u00edtima est\u00e1 situado?**\r\n\r\nFormato: ruta absoluta (p.e. /home/manuel/Escritorio)\r\n\r\n------\r\n\r\nSe reportaron mas incidentes y hay sospechas de que el asaltante estableci\u00f3 un canal de mando y control empleando la t\u00e9cnica *T1095 - Non-Application Layer Protocol*. Sabiendo que en esta ocasi\u00f3n el contrincante descart\u00f3 el uso del protocolo TCP,  \u00bfen qu\u00e9 carpeta de la nueva v\u00edctima est\u00e1 situado?\r\n\r\nFormato: ruta absoluta (p.e. /hombre/manuel/Escritorio)","max_attempts":0,"value":250,"category":"Exfiltraci\u00f3n","type":"standard","state":"visible","requirements":null,"connection_info":null,"next_id":null},{"id":286,"name":"CyberChef","description":"**Indica o nome dos dous usuarios activos presentes no arquivo exfiltrado pola canle de mando e control da pregunta anterior**\r\n\r\nFormato: nome1, nome2 (respectando o orde de aparici\u00f3n no arquivo exfiltrado)\r\n\r\n------\r\nIndica el nombre de los dos usuarios activos presentes en el archivo exfiltrado por el canal de mando y control de la pregunta anterior\r\n\r\nFormato: nombre1, nombre2 (respetando el orden de aparici\u00f3n en el archivo exfiltrado)","max_attempts":0,"value":250,"category":"Exfiltraci\u00f3n","type":"standard","state":"visible","requirements":null,"connection_info":null,"next_id":null}],"meta":{}}