{"count":6,"results":[{"id":3,"type":"page","location":"c2e4510382f84607f5322dd6ec6da07d/destacados_fp_innova_branco.png","challenge_id":null,"page_id":null},{"id":7,"type":"page","location":"92b8e91a19738d45564cc8c38c7453a7/logo_xunta_positivo.png","challenge_id":null,"page_id":null},{"id":8,"type":"page","location":"2d1f8f737672c526021d7f41b6a28622/composicion_formacion_profesional_innova.png","challenge_id":null,"page_id":null},{"id":9,"type":"page","location":"b17980eb4c5f6acaf1de8fc753ef1d51/cartel_ciberseguridade_pq-212x300.jpg","challenge_id":null,"page_id":null},{"id":10,"type":"challenge","location":"e54b297b76c7adb39cbc55885885bbf7/postexplotacion_CVE-2021-44228.pcapng","challenge_id":272,"page_id":null},{"id":11,"type":"challenge","location":"e6386666b9782a5e5e3fecdceb96a61c/exfiltracion.pcapng","challenge_id":271,"page_id":null}],"meta":{}}