{"count":56,"results":[{"id":278,"challenge_id":231,"type":"static","content":"1057","data":""},{"id":279,"challenge_id":232,"type":"static","content":"2021-12-21 01:01:00","data":""},{"id":280,"challenge_id":233,"type":"static","content":"01:02:26","data":""},{"id":281,"challenge_id":234,"type":"static","content":"08:00:27:5c:00:14","data":"case_insensitive"},{"id":282,"challenge_id":235,"type":"static","content":"Askey Computer Corp","data":"case_insensitive"},{"id":283,"challenge_id":236,"type":"static","content":"Taiwan","data":"case_insensitive"},{"id":284,"challenge_id":237,"type":"static","content":"TLS","data":"case_insensitive"},{"id":285,"challenge_id":238,"type":"static","content":"6","data":""},{"id":286,"challenge_id":239,"type":"static","content":"192.168.1.36","data":""},{"id":287,"challenge_id":240,"type":"static","content":"291","data":""},{"id":288,"challenge_id":241,"type":"static","content":"3","data":""},{"id":302,"challenge_id":254,"type":"static","content":"whoami","data":"case_insensitive"},{"id":303,"challenge_id":255,"type":"static","content":"4","data":""},{"id":304,"challenge_id":256,"type":"static","content":"manuel","data":"case_insensitive"},{"id":305,"challenge_id":257,"type":"static","content":"abc123.","data":""},{"id":307,"challenge_id":258,"type":"static","content":"reverse shell","data":"case_insensitive"},{"id":308,"challenge_id":259,"type":"static","content":"networkctl status","data":"case_insensitive"},{"id":309,"challenge_id":260,"type":"static","content":"Adobe XMP Core 5.6-c148","data":""},{"id":310,"challenge_id":261,"type":"static","content":"1","data":""},{"id":311,"challenge_id":262,"type":"static","content":"172.45.176.1","data":null},{"id":312,"challenge_id":263,"type":"static","content":"linpeas.sh","data":"case_insensitive"},{"id":313,"challenge_id":264,"type":"static","content":"5.4.0-81-generic","data":null},{"id":314,"challenge_id":265,"type":"static","content":"Ubuntu 20.04.3","data":"case_insensitive"},{"id":315,"challenge_id":266,"type":"static","content":"/var/solr/backup.sh","data":null},{"id":316,"challenge_id":267,"type":"static","content":"CVE-2021-4034","data":"case_insensitive"},{"id":317,"challenge_id":268,"type":"static","content":"T1098.004","data":"case_insensitive"},{"id":318,"challenge_id":269,"type":"static","content":"8448","data":null},{"id":319,"challenge_id":270,"type":"static","content":"3","data":""},{"id":320,"challenge_id":234,"type":"static","content":"08.00.27.5c.00.14","data":"case_insensitive"},{"id":321,"challenge_id":234,"type":"static","content":"08-00-27-5c-00-14","data":"case_insensitive"},{"id":322,"challenge_id":238,"type":"static","content":"seis","data":"case_insensitive"},{"id":331,"challenge_id":261,"type":"static","content":"un","data":"case_insensitive"},{"id":332,"challenge_id":261,"type":"static","content":"uno","data":"case_insensitive"},{"id":333,"challenge_id":263,"type":"static","content":"linpeas","data":"case_insensitive"},{"id":334,"challenge_id":270,"type":"static","content":"tres","data":"case_insensitive"},{"id":335,"challenge_id":271,"type":"static","content":"OK","data":"case_insensitive"},{"id":336,"challenge_id":272,"type":"static","content":"OK","data":""},{"id":339,"challenge_id":273,"type":"static","content":"OK","data":"case_insensitive"},{"id":340,"challenge_id":274,"type":"static","content":"TA0003","data":"case_insensitive"},{"id":341,"challenge_id":275,"type":"static","content":"9","data":""},{"id":342,"challenge_id":276,"type":"static","content":"T1190","data":"case_insensitive"},{"id":343,"challenge_id":277,"type":"static","content":"Lazarus Group","data":"case_insensitive"},{"id":344,"challenge_id":278,"type":"static","content":"Data Backup","data":"case_insensitive"},{"id":345,"challenge_id":279,"type":"static","content":"OneDrive","data":"case_insensitive"},{"id":346,"challenge_id":279,"type":"static","content":"MediaFire","data":"case_insensitive"},{"id":347,"challenge_id":280,"type":"static","content":"M1031","data":"case_insensitive"},{"id":348,"challenge_id":281,"type":"static","content":"Ncrack","data":"case_insensitive"},{"id":349,"challenge_id":281,"type":"static","content":"Ncrack","data":"case_insensitive"},{"id":350,"challenge_id":282,"type":"static","content":"T1036.005","data":"case_insensitive"},{"id":351,"challenge_id":283,"type":"static","content":"Mysql 8.0.29","data":"case_insensitive"},{"id":352,"challenge_id":237,"type":"static","content":"Transport Layer Security","data":"case_insensitive"},{"id":353,"challenge_id":284,"type":"static","content":"apache2, htop","data":"case_insensitive"},{"id":354,"challenge_id":284,"type":"static","content":"apache2,htop","data":""},{"id":355,"challenge_id":285,"type":"static","content":"/home/magasix/Descargas","data":""},{"id":356,"challenge_id":286,"type":"static","content":"magasix, ctfd","data":"case_insensitive"},{"id":357,"challenge_id":286,"type":"static","content":"magasix,ctfd","data":"case_insensitive"}],"meta":{}}