{"count":69,"results":[{"id":135,"type":"standard","challenge_id":231,"content":"Mira os paquetes ou abre Capture File Properties","cost":25,"requirements":{"prerequisites":[]}},{"id":136,"type":"standard","challenge_id":232,"content":"Configura Time Display Format a UTC","cost":25,"requirements":{"prerequisites":[]}},{"id":137,"type":"standard","challenge_id":233,"content":"Abre Capture File Properties","cost":25,"requirements":{"prerequisites":[]}},{"id":138,"type":"standard","challenge_id":234,"content":"Vai a Statistics","cost":20,"requirements":{"prerequisites":[]}},{"id":139,"type":"standard","challenge_id":234,"content":"Vai a Statistics --> Endpoints --> Ethernet","cost":20,"requirements":{"prerequisites":[138]}},{"id":140,"type":"standard","challenge_id":235,"content":"Analiza o MAC Address OUI (Organizationally Unique Identifier)","cost":20,"requirements":{"prerequisites":[]}},{"id":141,"type":"standard","challenge_id":235,"content":"Busca a direcci\u00f3n MAC nunha ferramenta online de OUIs","cost":20,"requirements":{"prerequisites":[140]}},{"id":142,"type":"standard","challenge_id":236,"content":"Google \u00e9 o teu amigo","cost":0,"requirements":null},{"id":143,"type":"standard","challenge_id":237,"content":"Vai a Statistics","cost":20,"requirements":{"prerequisites":[]}},{"id":144,"type":"standard","challenge_id":237,"content":"Vai a Statistics --> Protocol Hierarchy","cost":20,"requirements":{"prerequisites":[143]}},{"id":145,"type":"standard","challenge_id":238,"content":"Vai a Statistics","cost":20,"requirements":{"prerequisites":[]}},{"id":146,"type":"standard","challenge_id":238,"content":"Vai a Statistics --> Endpoints --> IPv4","cost":20,"requirements":{"prerequisites":[145]}},{"id":147,"type":"standard","challenge_id":239,"content":"Vai a Statistics","cost":20,"requirements":{"prerequisites":[]}},{"id":148,"type":"standard","challenge_id":239,"content":"Vai a Statistics --> Endpoints --> IPv4","cost":30,"requirements":{"prerequisites":[147]}},{"id":149,"type":"standard","challenge_id":240,"content":"Instala as bases de datos de GeoIP de MaxMind e activa a xeolocalizaci\u00f3n","cost":20,"requirements":{"prerequisites":[]}},{"id":150,"type":"standard","challenge_id":240,"content":"Vai a Statistics --> Endpoints --> IPv4","cost":20,"requirements":{"prerequisites":[149]}},{"id":151,"type":"standard","challenge_id":241,"content":"Instala as bases de datos de GeoIP de MaxMind e activa a xeolocalizaci\u00f3n","cost":20,"requirements":{"prerequisites":[]}},{"id":152,"type":"standard","challenge_id":241,"content":"Vai a Statistics --> Endpoints --> IPv4","cost":20,"requirements":{"prerequisites":[151]}},{"id":173,"type":"standard","challenge_id":254,"content":"Crea un display filter para ver os paquetes asociados e f\u00edxate nos portos e protocolos. \n\n------\n\nCrea un display filter para ver los paquetes asociados y f\u00edjate en los puertos y protocolos. ","cost":20,"requirements":{"prerequisites":[]}},{"id":174,"type":"standard","challenge_id":254,"content":"Localiza as conexi\u00f3ns tcp que inicia o equipo 192.168.1.36, usa Follow TCP Stream e analiza\n\n------\nLocaliza las conexiones tcp que inicia el equipo 192.168.1.36, usa Follow TCP Stream y analiza","cost":40,"requirements":{"prerequisites":[173]}},{"id":175,"type":"standard","challenge_id":255,"content":"Crea un display filter para ver os paquetes asociados\n\n------\n\nCrea un display filter para ver os paquetes asociados","cost":0,"requirements":{"prerequisites":[]}},{"id":176,"type":"standard","challenge_id":255,"content":"Usa *Follow TCP Stream* e analiza. \n\n------\n\nUsa *Follow TCP Stream* y analiza. ","cost":40,"requirements":{"prerequisites":[175]}},{"id":177,"type":"standard","challenge_id":256,"content":"Crea un display filter para ver os paquetes asociados","cost":0,"requirements":null},{"id":178,"type":"standard","challenge_id":256,"content":"Usa *Follow TCP Stream* e analiza","cost":40,"requirements":{"prerequisites":[177]}},{"id":179,"type":"standard","challenge_id":257,"content":"Crea un display filter para ver os paquetes asociados","cost":0,"requirements":null},{"id":180,"type":"standard","challenge_id":257,"content":"Usa Follow TCP Stream e analiza","cost":40,"requirements":{"prerequisites":[179]}},{"id":181,"type":"standard","challenge_id":258,"content":"Crea un display filter para ver os paquetes asociados","cost":0,"requirements":null},{"id":182,"type":"standard","challenge_id":258,"content":"Usa *Follow TCP Stream* e analiza","cost":0,"requirements":{"prerequisites":[181]}},{"id":183,"type":"standard","challenge_id":259,"content":"Crea un display filter","cost":0,"requirements":null},{"id":184,"type":"standard","challenge_id":259,"content":"Usa operadores l\u00f3xicos, a IP da v\u00edtima e contains/matches\n\n------\nUsa operadores l\u00f3gicos, la IP de la v\u00edctima y contains/matches","cost":50,"requirements":{"prerequisites":[183]}},{"id":185,"type":"standard","challenge_id":260,"content":"Metadatos","cost":40,"requirements":{"prerequisites":[]}},{"id":186,"type":"standard","challenge_id":260,"content":"Exiftool","cost":60,"requirements":{"prerequisites":[185]}},{"id":187,"type":"standard","challenge_id":261,"content":"Crea un display filter para ver as conexi\u00f3ns **iniciadas** polo equipo v\u00edtima","cost":30,"requirements":{"prerequisites":[]}},{"id":188,"type":"standard","challenge_id":261,"content":"Crea un display filter con IP orixe a da v\u00edtima e o bit SYN a 1 e o bit ACK a 0 e busca un patr\u00f3n que se repite","cost":70,"requirements":{"prerequisites":[187]}},{"id":189,"type":"standard","challenge_id":262,"content":"Crea un display filter para ver as conexi\u00f3ns iniciadas polo equipo v\u00edtima","cost":30,"requirements":{"prerequisites":[]}},{"id":190,"type":"standard","challenge_id":263,"content":"Crea un display filter para ver as conexi\u00f3ns iniciadas polo equipo v\u00edtima hacia \u00f3 atacante","cost":30,"requirements":{"prerequisites":[]}},{"id":191,"type":"standard","challenge_id":263,"content":"Fai uso da funcionalidade de *Follow TCP Stream* e analiza a secuencia de acci\u00f3ns do atacante","cost":60,"requirements":{"prerequisites":[190]}},{"id":192,"type":"standard","challenge_id":264,"content":"Descarga o informe xerado pola ferramenta de enumeraci\u00f3n e rev\u00edsao","cost":30,"requirements":{"prerequisites":[]}},{"id":193,"type":"standard","challenge_id":264,"content":"Emprega a funcionalidade de Wireshark de exportar obxectos HTTP","cost":70,"requirements":{"prerequisites":[192]}},{"id":194,"type":"standard","challenge_id":265,"content":"Descarga o informe xerado pola ferramenta de enumeraci\u00f3n e rev\u00edsao","cost":30,"requirements":{"prerequisites":[]}},{"id":195,"type":"standard","challenge_id":265,"content":"Emprega a funcionalidade de Wireshark de exportar obxectos HTTP","cost":70,"requirements":{"prerequisites":[194]}},{"id":196,"type":"standard","challenge_id":266,"content":"Descarga o informe xerado pola ferramenta de enumeraci\u00f3n e rev\u00edsao","cost":30,"requirements":{"prerequisites":[]}},{"id":197,"type":"standard","challenge_id":266,"content":"Emprega a funcionalidade de Wireshark de exportar obxectos HTTP","cost":70,"requirements":{"prerequisites":[196]}},{"id":198,"type":"standard","challenge_id":267,"content":"Analiza as comunicaci\u00f3ns entre a v\u00edtima e o atacante e busca transferencias de arquivos","cost":30,"requirements":{"prerequisites":[]}},{"id":199,"type":"standard","challenge_id":267,"content":"Emprega a funcionalidade de Wireshark de exportar obxectos HTTP e revisa o c\u00f3digo fonte do exploit","cost":70,"requirements":{"prerequisites":[198]}},{"id":200,"type":"standard","challenge_id":268,"content":"Analiza as comunicaci\u00f3ns entre a v\u00edtima e o atacante e revisa as acci\u00f3ns do atacante","cost":30,"requirements":{"prerequisites":[]}},{"id":201,"type":"standard","challenge_id":268,"content":"Fai uso da funcionalidade de **Follow TCP Stream** e analiza que ficheiros de root manipula e para que","cost":70,"requirements":{"prerequisites":[200]}},{"id":202,"type":"standard","challenge_id":269,"content":"Crea un display filter para ver o tr\u00e1fico ssh","cost":30,"requirements":{"prerequisites":[]}},{"id":203,"type":"standard","challenge_id":270,"content":"Descarga o informe xerado pola ferramenta de enumeraci\u00f3n e rev\u00edsao","cost":30,"requirements":{"prerequisites":[]}},{"id":204,"type":"standard","challenge_id":270,"content":"Emprega a funcionalidade de Wireshark de exportar obxectos HTTP","cost":70,"requirements":{"prerequisites":[203]}},{"id":205,"type":"standard","challenge_id":255,"content":"Crea un *display filter* con *matches* ou *contains* para atopar ese primeiro comando\n\n------\n\nCrea un *display filter* con *matches* o *contains* para encontrar ese primer comando","cost":40,"requirements":{"prerequisites":[175]}},{"id":206,"type":"standard","challenge_id":277,"content":"**O porto 1058 \u00f1e un porto est\u00e1ndar?**\n------\n** \u00bfEl puerto 1058 es un puerto est\u00e1ndar?**","cost":5,"requirements":{"prerequisites":[]}},{"id":207,"type":"standard","challenge_id":277,"content":"**Fai un pouco de Google hacking e usa o operador *site* para buscar o porto 1058 en MITRE --> site:mitre.org**\n\n------\n\nHaz un poco de Google hacking y usa el operador *site* para buscar el puerto 1058 en MITRE --> site:mitre.org","cost":15,"requirements":{"prerequisites":[206]}},{"id":208,"type":"standard","challenge_id":278,"content":"https://attack.mitre.org/groups/","cost":0,"requirements":{"prerequisites":[]}},{"id":209,"type":"standard","challenge_id":279,"content":"https://attack.mitre.org/campaigns","cost":5,"requirements":{"prerequisites":[]}},{"id":210,"type":"standard","challenge_id":279,"content":"Operation Spalax","cost":10,"requirements":{"prerequisites":[209]}},{"id":211,"type":"standard","challenge_id":280,"content":"https://mitre-attack.github.io/attack-navigator/","cost":0,"requirements":{"prerequisites":[]}},{"id":212,"type":"standard","challenge_id":280,"content":"**John Hubbard e os seus *12 days of cyber defense* son os teus amigos*\n\n------\n\nJohn Hubbard y sus *12 days of cyber defense* son  tus amigos*","cost":10,"requirements":{"prerequisites":[211]}},{"id":213,"type":"standard","challenge_id":281,"content":"https://mitre-attack.github.io/attack-navigator/","cost":0,"requirements":{"prerequisites":[]}},{"id":214,"type":"standard","challenge_id":281,"content":"**John Hubbard e os seus *12 days of cyber defense* son os teus amigos*\n\n------\n\nJohn Hubbard y sus *12 days of cyber defense* son  tus amigos*","cost":10,"requirements":{"prerequisites":[213]}},{"id":215,"type":"standard","challenge_id":281,"content":"**T1110**","cost":30,"requirements":{"prerequisites":[213,214]}},{"id":216,"type":"standard","challenge_id":282,"content":"https://attack.mitre.org/","cost":0,"requirements":{"prerequisites":[]}},{"id":217,"type":"standard","challenge_id":282,"content":"https://attack.mitre.org/tactics/TA0005/\n\nDefense Evasion","cost":15,"requirements":{"prerequisites":[216]}},{"id":218,"type":"standard","challenge_id":283,"content":"**Descarga o informe xerado pola ferramenta de enumeraci\u00f3n e rev\u00edsao**\n\n------\nDescarga el informe generado por la herramienta de enumeracion y rev\u00edsalo\n","cost":30,"requirements":{"prerequisites":[]}},{"id":219,"type":"standard","challenge_id":283,"content":"**grep \u00e9 o teu amigo**\n\n------\ngrep es tu amigo\n\n","cost":40,"requirements":{"prerequisites":[218]}},{"id":220,"type":"standard","challenge_id":284,"content":"Living Off The Land --> o atacante aproveita software instalado no equipo v\u00edtima para a exfiltraci\u00f3n\n\n-------\nLiving Off The Land --> el atacante aprovecha software instalado en el equipo v\u00edctima para la exfiltraci\u00f3n","cost":10,"requirements":{"prerequisites":[]}},{"id":221,"type":"standard","challenge_id":284,"content":"O script vaise executar nun sistema correndo Alpine Linux\n\n-------\nEl script se va a ejecutar en un sistema corriendo Alpine Linux","cost":40,"requirements":{"prerequisites":[220]}},{"id":222,"type":"standard","challenge_id":285,"content":"Revisa os protocolos da captura: Estat\u00edsticas --> Xerarqu\u00eda de protocolos\n\n------\nRevisa los protocolos de la captura: Estad\u00edsticas --> Jerarqu\u00eda de protocolos","cost":0,"requirements":{"prerequisites":[]}},{"id":223,"type":"standard","challenge_id":286,"content":"Se non a das lido ben:\n* tshark permite extraer a informaci\u00f3n da canle C2C\n* CyberChef faina lexible ou `xxd` en bash\n\n------\nSi no la das le\u00eddo bien:\n* tshark permite extraer la informaci\u00f3n del canal C2C\n* CyberChef la hace legible o `xxd` en bash","cost":0,"requirements":{"prerequisites":[]}}],"meta":{}}