{"count":1,"results":[{"id":1,"title":"None","route":"index","content":"<div class=\"row\">\r\n    <div class=\"col-md-10\">\r\n        <img class=\"w-100 mx-auto d-block\" style=\"max-width: 500px;padding: 50px;padding-top: 14vh;\" src=\"/files/b17980eb4c5f6acaf1de8fc753ef1d51/cartel_ciberseguridade_pq-212x300.jpg\" />\r\n<h2 class=\"text-center\">\r\n    <p>Incio: XX/XX/2023 - XX:XX horas</p>\r\n    <p>Fin: XX/XX/2023 - XX:XX horas</p>\r\n</h2>\r\n            <hr>\r\n<h2 class=\"text-center\">\r\n  <p> </p>\r\n    <p><a href=\"https://www.iessanclemente.net/\" target=\"_blank\">IES San Clemente</a> - <a href=\"https://www.cifprodolfoucha.es/\"  target=\"_blank\">CIFP Rodolfo Ucha Pi\u00f1eiro</a></p>\r\n</h2>\r\n<br>\r\n<table align=\"center\" cellspacing=\"50\">\r\n<tr>\r\n    <td><a href=\"https://www.edu.xunta.gal/\" target=\"_blank\"><img class=\"w-100 mx-auto d-block\" style=\"max-width: 250px;padding: 5px;\" src=\"/files/92b8e91a19738d45564cc8c38c7453a7/logo_xunta_positivo.png\" /></a></td>\r\n    <td><a href=\"https://www.edu.xunta.gal/fp/convocatoria-innovacion-2022\" target=\"_blank\"><img class=\"w-100 mx-auto d-block\" style=\"max-width: 250px;padding: 5px;\" src=\"/files/2d1f8f737672c526021d7f41b6a28622/composicion_formacion_profesional_innova.png\" /></a></td>\r\n</tr>\r\n</table>\r\n      <p> </p>\r\n      <h6>Actividade desenvolvida dentro do proxecto \"Plataforma de retos de ciberseguridade. A gamificaci\u00f3n no proceso de adquisici\u00f3n de competencias no \u00e1mbito da ciberseguridade\", financiado na convocatoria de premios para o desenvolvemento de proxectos de innovaci\u00f3n na FP do ano 2022.</h6>\r\n       <h6 class=\"text-center\">Email de contacto: ciberseguridade @ iessanclemente.net</h6>\r\n    </div>\r\n</div>","draft":0,"hidden":0,"auth_required":0,"format":"html"}],"meta":{}}