{"count":9,"results":[{"id":127,"type":null,"ip":"193.144.43.230","user_id":8,"date":"2023-01-18T08:21:55.646920"},{"id":140,"type":null,"ip":"83.37.96.104","user_id":8,"date":"2022-12-23T12:42:14.186705"},{"id":143,"type":null,"ip":"83.35.4.45","user_id":8,"date":"2022-12-25T09:29:59.089709"},{"id":144,"type":null,"ip":"83.35.31.70","user_id":8,"date":"2022-12-30T20:12:45.336046"},{"id":145,"type":null,"ip":"83.35.31.70","user_id":8,"date":"2022-12-26T09:53:10.521111"},{"id":150,"type":null,"ip":"83.37.230.174","user_id":8,"date":"2023-01-18T19:28:11.978452"},{"id":151,"type":null,"ip":"83.37.230.174","user_id":8,"date":"2023-01-01T11:35:21.887654"},{"id":177,"type":null,"ip":"83.35.24.153","user_id":8,"date":"2023-01-31T22:23:08.414546"},{"id":178,"type":null,"ip":"192.168.1.2","user_id":8,"date":"2023-03-05T16:32:51.968334"}],"meta":{}}